vector,rank,permutation,joint_a,joint_b,basic_edges,joint_edges,joint_visits,length
12345672121232,275,0,10,2921,299213,78503,78509,11
12345672123212,291,0,10,2937,286816,78112,78118,11
12345672321212,435,0,16,2919,301135,73795,73801,11
12345673131323,547,0,20,2923,290816,77648,77654,11
12345673132313,555,0,20,2931,344148,91524,91530,11
12345673231313,627,0,23,2922,334461,82179,82185,11
12345761111111,729,1,0,2943,201786,80478,80483,11
12346571111231,1463,2,0,3058,149195,83963,83968,11
12346751113133,2207,3,0,3210,207852,84978,84984,11
12347561112212,2928,4,0,3088,190232,84068,84074,11
12347651111111,3645,5,0,3213,315906,132882,132888,11
12347651122112,3681,5,1,3225,195285,63303,63309,11
12347651133311,3723,5,2,3231,178021,59053,59059,11
12347652111221,3892,5,9,3214,160388,54788,54794,11
12347652123233,3938,5,10,3239,189813,64773,64779,11
12347652123332,3941,5,10,3236,233922,84492,84498,11
12347652223232,4019,5,13,3236,177051,59829,59835,11
12347653111133,4133,5,18,3221,189049,56041,56047,11
12347653132223,4198,5,20,3229,161610,61770,61776,11
12347653132322,4201,5,20,3226,157922,58394,58400,11
12347653332323,4363,5,26,3229,177972,60552,60558,11
12354671111111,4374,6,0,3726,222744,95202,95207,11
12354761112323,5119,7,0,3776,294728,122726,122733,11
12354762121112,5373,7,10,3754,209813,66362,66368,11
12354762121211,5376,7,10,3762,228017,70487,70494,11
12354762311123,5509,7,15,3755,171287,64253,64260,11
12354763131131,5645,7,20,3753,190839,70257,70264,11
12354763133111,5661,7,20,3759,173419,61189,61196,11
12354763211123,5671,7,21,3755,203117,70943,70950,11
12356471113133,5852,8,0,4560,183468,99924,99930,11
12356741133131,6635,9,2,5352,248551,80713,80719,11
12356741313131,6743,9,6,5352,258840,81498,81504,11
12356743113131,7067,9,18,5352,260316,84174,84180,11
12357461111222,7294,10,0,4573,201158,87812,87818,11
12357461113331,7316,10,0,4587,193553,83717,83723,11
12357462211112,7614,10,12,4564,199389,66519,66525,11
12357641113331,8045,11,0,5381,187830,79470,79476,11
12364571112212,8760,12,0,3871,209422,111010,111016,11
12364751112212,9489,13,0,4009,179460,99162,99168,11
12364751113133,9497,13,0,4004,188706,87636,87642,11
12364753311131,10127,13,24,3996,181159,74455,74461,11
12365471111111,10206,14,0,4671,222578,96080,96086,11
12365471211122,10288,14,3,4680,188440,58612,58618,11
12365471313113,10386,14,6,4673,156004,51208,51214,11
12365472223232,10580,14,13,4694,174632,58712,58718,11
12365472321233,10643,14,16,4692,201669,57501,57507,11
12365473232312,10842,14,23,4678,158657,48389,48395,11
12365473332323,10924,14,26,4687,159255,54147,54153,11
12365741113331,10961,15,0,5489,189740,82160,82166,11
12367451123333,11717,16,1,4832,279617,90254,90260,11
12367451132222,11731,16,2,4819,254702,86711,86717,11
12367451213333,11771,16,3,4832,271112,89489,89495,11
12367451312222,11839,16,6,4819,331661,108650,108656,11
12367452113333,11933,16,9,4832,299866,101791,101797,11
12367453112222,12163,16,18,4819,270216,90843,90849,11
12367541112212,12405,17,0,5626,234725,94535,94541,11
12367541113331,12419,17,0,5624,269010,106164,106170,11
12367541331131,12611,17,8,5622,172221,59061,59067,11
12374561121212,13152,18,1,3898,259433,80357,80363,11
12374561211212,13206,18,3,3898,255370,82282,82288,11
12374562111212,13368,18,9,3898,303264,98790,98796,11
12374651111222,13855,19,0,4036,210245,87491,87497,11
12375461111222,14584,20,0,4711,203255,84095,84101,11
12375641113112,15327,21,0,5517,191966,99908,99913,11
12376451111222,16042,22,0,4846,214015,97195,97201,11
12376451113133,16058,22,0,4857,204375,106119,106125,11
12376451221211,16149,22,4,4834,176195,74975,74981,11
12376541112323,16783,23,0,5666,213102,92778,92785,11
12376541232233,16916,23,5,5668,252186,93642,93649,11
12376541322233,16970,23,7,5668,174745,66727,66734,11
12376542121232,17042,23,10,5659,194553,69807,69814,11
12376542123212,17058,23,10,5653,179432,61886,61893,11
12376543133132,17327,23,20,5658,156715,58420,58427,11
12376543133231,17330,23,20,5650,155817,59025,59031,11
12456731132321,24127,33,108,1967,284280,117234,117240,11
12456731233223,24214,33,113,1969,168743,63077,63083,11
12456733223321,24676,33,129,1961,169861,51739,51745,11
12463751231231,27113,37,58,2367,179294,63461,63468,11
12467351131121,29215,40,82,2367,179623,71485,71491,11
12467351231321,29302,40,85,2367,155581,55135,55141,11
12473561132123,30682,42,54,2291,170985,71379,71385,11
12536741112323,37195,51,28,5231,184301,61565,61571,11
12537461332112,38133,52,34,4435,171383,73148,73155,11
12543671111111,39366,54,54,2781,228890,73346,73352,11
12543671211212,39450,54,58,2781,178222,62938,62944,11
12543671331113,39582,54,60,2787,163516,68374,68380,11
12543672121121,39637,54,63,2785,166954,54262,54268,11
12543672321332,39806,54,71,2786,172544,51458,51464,11
12543672322232,39812,54,70,2795,167235,50733,50739,11
12543672331232,39830,54,70,2789,158546,53210,53216,11
12543673111331,39860,54,74,2783,162916,57736,57742,11
12543673221323,39967,54,77,2785,170770,57856,57862,11
12543673231223,39991,54,76,2788,163471,51523,51529,11
12543673233323,40012,54,77,2806,207607,72835,72841,11
12546371221331,40940,56,86,2759,170158,63388,63394,11
12563472131213,44040,60,64,4380,211752,77166,77172,11
12563473131212,44283,60,73,4380,198448,74674,74680,11
12564733323122,46621,63,133,3569,162842,49082,49088,11
12567433232333,48023,65,131,4399,169363,53524,53530,11
12576343212221,51610,70,103,5212,208613,65858,65864,11
12637451132111,55467,76,28,4781,200332,85870,85876,11
12637451332112,55629,76,34,4784,150338,63452,63458,11
12643571321321,57058,78,62,3028,165273,57165,57171,11
12645371131121,58375,80,82,2891,185580,74484,74489,11
12673542331133,66800,91,69,5615,229032,84918,84925,11
12734561112323,70000,96,28,3911,183266,72392,72398,11
12734561322233,70187,96,34,3905,161497,60865,60871,11
12734562313223,70411,96,44,3902,154804,55828,55834,11
12745631111111,76545,105,108,2916,541652,202382,202388,11
12745632111122,76789,105,118,2917,178137,55041,55047,11
12745632212213,76881,105,122,2928,210154,74080,74086,11
12745632222221,76909,105,120,2929,170763,58749,58755,11
12745632232211,76935,105,120,2928,203083,62443,62449,11
12745633131131,77087,105,126,2918,190309,62671,62677,11
12745633313312,77217,105,133,2940,166555,56179,56185,11
12745633313333,77219,105,134,2942,177605,77039,77045,11
12745633323311,77244,105,132,2940,168721,56275,56281,11
12753462231323,79117,108,68,4574,190230,62739,62746,11
12763452322232,83552,114,70,4828,171760,54850,54857,11
12765432121313,87027,119,119,4677,193054,69910,69917,11
12765432222212,87114,119,121,4675,292119,95214,95220,11
12765433121213,87267,119,128,4674,219011,77519,77526,11
12765433331333,87461,119,134,4695,200137,72355,72362,11
13245671321111,87669,120,140,2916,193520,90962,90967,11
13246571111111,88938,122,135,3051,244866,77478,77485,11
13246571112233,88952,122,135,3067,164662,70744,70751,11
13246571113232,88961,122,135,3076,255300,104628,104635,11
13246572321332,89378,122,149,3059,193396,61201,61207,11
13246572331232,89402,122,152,3058,174766,51817,51823,11
13246573221233,89537,122,157,3058,180685,52498,52504,11
13246573321223,89617,122,158,3055,184190,59327,59333,11
13246752133211,89985,123,150,3205,224484,71100,71107,11
13247563212131,90974,124,154,3093,200123,62495,62502,11
13254761322233,92786,127,140,3767,190504,72034,72041,11
13254761323322,92797,127,140,3778,163617,66939,66946,11
13254762321233,93020,127,149,3764,226383,73704,73710,11
13254763323122,93277,127,158,3760,193619,73367,73373,11
13257641112233,95513,131,135,5396,166322,76970,76977,11
13265741112323,98431,135,135,5506,275023,89431,89438,11
13265742131312,98718,135,150,5496,234895,79291,79298,11
13267451122211,99183,136,138,4807,204323,74657,74663,11
13267451311133,99308,136,137,4830,171328,63388,63394,11
13267541111132,99875,137,135,5631,217914,81936,81943,11
13267541232212,100020,137,142,5626,198790,52837,52843,11
13274651112323,101347,139,135,4048,242792,77222,77229,11
13275461112233,102074,140,135,4721,183066,75234,75241,11
13275463213211,102648,140,154,4701,181001,69827,69834,11
13275641112233,102803,141,135,5531,221077,82399,82406,11
13275641112323,102805,141,135,5533,275152,77314,77321,11
13275642131333,103094,141,150,5534,208531,73801,73808,11
13275643212221,103369,141,154,5512,223273,67195,67202,11
13276451113211,103539,142,135,4834,240157,99145,99152,11
13276451233133,103673,142,142,4857,238972,70801,70807,11
13276541133122,104320,143,141,5655,177478,85906,85912,11
13276541213312,104352,143,136,5654,238443,100491,100497,11
13276541321123,104437,143,140,5664,178024,73180,73186,11
13276541322311,104451,143,140,5645,229195,94855,94861,11
13276541323112,104454,143,140,5652,149746,52576,52582,11
13276541323322,104461,143,140,5657,156253,58177,58183,11
13276542323312,104703,143,149,5654,178382,58478,58484,11
13276543323122,104941,143,158,5655,172433,67397,67403,11
13462571111111,113724,156,405,2214,192554,76004,76010,11
13462572213311,114072,156,421,2216,160156,51484,51490,11
13527461211113,125469,172,271,4430,191007,67005,67011,11
13542671231231,126986,174,409,2789,152633,57647,57653,11
13546271213213,128406,176,541,2773,170763,61587,61593,11
13546271231231,128444,176,547,2761,220005,81447,81453,11
13546271321321,128500,176,545,2759,189092,66050,66056,11
13572641122133,136361,187,405,5261,242995,102607,102614,11
13576241312213,138684,190,542,5230,236898,81576,81583,11
13576241321321,138706,190,545,5216,189935,58805,58811,11
13627451332112,143109,196,275,4784,169386,64173,64180,11
13642571221223,144454,198,409,3028,225009,82266,82273,11
13642571223221,144472,198,409,3046,224584,75649,75656,11
13642573221221,144940,198,427,3028,254559,84741,84747,11
13645271221331,145916,200,547,2896,158214,61962,61968,11
13647521111111,147987,203,675,3024,185678,77282,77288,11
13675241112323,156022,214,543,5478,203123,83009,83016,11
13675242331313,156471,214,551,5480,182655,67959,67966,11
13725642332132,160121,219,284,5519,187911,57651,57656,11
13754262123323,167965,230,552,3779,361942,123688,123695,11
13762451321321,170782,234,413,4815,158367,60816,60823,11
13764251211311,172131,236,541,4014,145683,55659,55665,11
13764252323231,172499,236,557,4007,168643,48697,48703,11
13765422121211,174504,239,684,4674,225702,67011,67018,11
14263751131121,184492,253,195,1539,170118,73782,73788,11
14267351321321,186820,256,220,1557,171959,68432,68439,11
14275633323122,190963,261,265,1315,183432,55134,55139,11
14325671111111,192456,264,297,1296,628911,218679,218685,11
14325672112121,192709,264,309,1297,166764,51894,51900,11
14325672231323,192841,264,308,1312,172621,55393,55399,11
14325672323222,192910,264,313,1318,168419,61055,61061,11
14325673123232,192992,264,322,1301,172143,50961,50967,11
14325673232333,193094,264,320,1313,161724,51654,51660,11
14325673311131,193106,264,315,1316,195985,67747,67753,11
14327652131213,196401,269,308,1599,187553,65249,65255,11
14327653121213,196617,269,316,1599,199432,73372,73378,11
14352672212111,197163,270,441,1173,179615,56021,56027,11
14356721112323,199033,273,708,1139,186893,68951,68957,11
14356721322233,199220,273,709,1156,218405,83099,83105,11
14367252322232,204566,280,583,1561,172890,56673,56679,11
14367523311113,205497,281,726,1422,303752,96662,96669,11
14523672121313,210228,288,335,1029,192766,73144,73150,11
14523673121312,210471,288,344,1029,232567,94591,94597,11
14527631121311,213630,293,378,1029,178938,92574,92580,11
14527631131211,213654,293,378,1032,172381,77881,77887,11
14527631133311,213675,293,384,1032,166541,55379,55385,11
14527631211131,213680,293,378,1037,188357,76643,76649,11
14527631311121,213760,293,378,1045,185775,76851,76857,11
14527632122213,213879,293,392,1029,187571,68453,68459,11
14527632212111,213930,293,390,1035,190591,52882,52887,11
14527632333332,214082,293,394,1052,224298,69870,69876,11
14527633132322,214153,293,400,1033,173977,57079,57085,11
14527633312133,214256,293,401,1046,179352,63048,63054,11
14536273311311,216438,296,612,1019,200454,67506,67513,11
14537622231323,218356,299,744,1042,176925,68322,68329,11
14563272323222,220612,302,634,995,163311,52332,52338,11
14567231312213,221790,304,650,991,237164,92822,92829,11
14567231321123,221806,304,653,993,202451,66824,66830,11
14573261333111,224766,308,621,1077,193244,76145,76151,11
14625731111111,229635,315,378,1242,241801,83539,83545,11
14625731131121,229690,315,378,1244,191864,79022,79028,11
14625731322233,229838,315,383,1264,172950,66942,66948,11
14625732112121,229888,315,390,1242,181708,55945,55950,11
14625732113321,229903,315,393,1248,202710,71238,71244,11
14625732213323,229984,315,395,1257,171063,62379,62385,11
14625732233111,230031,315,393,1253,188201,59081,59087,11
14625733133111,230193,315,402,1244,169435,48004,48009,11
14632571111111,231822,318,459,1377,295947,105207,105213,11
14632571321132,232013,318,459,1402,174568,65122,65128,11
14652733321331,237608,325,537,1126,188460,53556,53563,11
14673251111111,242028,332,621,1512,235905,84093,84099,11
14723651111213,245676,337,325,1599,170868,66636,66642,11
14723651111312,245679,337,326,1596,217281,85437,85443,11
14723651112131,245684,337,327,1595,172215,66339,66345,11
14723651113121,245692,337,330,1594,165090,58632,58638,11
14723651211212,245757,337,325,1605,157133,55511,55517,11
14723652322121,246115,337,336,1612,146448,50016,50022,11
14723652331232,246137,337,334,1616,180703,61807,61813,11
14723653232222,246307,337,346,1606,164167,49165,49171,11
14723653313111,246339,337,348,1611,170289,47199,47205,11
14723653321313,246354,337,344,1617,208340,83504,83510,11
14725361111111,246402,338,351,1323,195604,54916,54922,11
14725361111123,246403,338,352,1325,170260,60250,60256,11
14725361322332,246608,338,356,1348,182738,59732,59738,11
14725362211121,246727,338,361,1332,211653,61767,61773,11
14725363211213,246972,338,369,1337,165291,68493,68499,11
14725363213121,246988,338,376,1332,160221,51693,51699,11
14725363223213,247017,338,375,1337,168464,58586,58592,11
14725363311113,247050,338,369,1343,215608,71254,71260,11
14726531223122,248716,341,385,1443,187667,70253,70259,11
14726531232122,248734,341,382,1443,187991,84059,84065,11
14726531233313,248748,341,386,1442,167430,64746,64752,11
14726531333312,248829,341,385,1451,155784,53148,53154,11
14726532232313,248982,341,392,1442,193633,58759,58765,11
14726533323122,249283,341,403,1452,163714,51133,51138,11
14735621221112,251613,345,732,1305,169025,62099,62105,11
14735621223113,251631,345,737,1305,155954,63818,63824,11
14735621223332,251639,345,734,1313,246936,89520,89526,11
14735621233112,251658,345,734,1305,207796,85288,85294,11
14735621323112,251712,345,734,1314,197770,72850,72856,11
14735621332112,251730,345,733,1314,153176,56726,56732,11
14735621333111,251739,345,731,1314,163484,55622,55628,11
14735621333222,251743,345,734,1318,153169,60883,60889,11
14736251111132,252236,346,600,1569,183051,59295,59302,11
14736251112332,252251,346,601,1571,168484,70432,70439,11
14736253222223,252841,346,616,1582,170660,49865,49871,11
14736521132222,253030,347,733,1435,184909,60106,60112,11
14736521133131,253037,347,731,1437,182370,56715,56721,11
14736521211212,253047,347,732,1441,174847,51298,51304,11
14736521213333,253070,347,737,1448,178947,57954,57960,11
14736521221313,253077,347,735,1442,185050,78976,78983,11
14736521321231,253157,347,729,1456,250545,90234,90240,11
14736521322233,253166,347,736,1456,167050,66781,66787,11
14736521332121,253189,347,730,1452,210375,86724,86730,11
14736523112222,253462,347,751,1435,185912,50171,50177,11
14736523113131,253469,347,749,1437,175271,49220,49226,11
14752363222121,254296,348,505,1200,161034,57441,57447,11
14752363232222,254326,348,508,1201,207358,59881,59887,11
14752363233131,254333,348,506,1203,184545,54006,54012,11
14752631111111,254421,349,513,1161,229109,78257,78263,11
14752631112311,254436,349,519,1164,189982,70456,70462,11
14752631323223,254632,349,518,1186,168381,63417,63423,11
14752632332132,254891,349,523,1184,162714,56316,56322,11
14752633213223,255010,349,536,1177,165744,57522,57528,11
14752633222223,255028,349,536,1174,176787,63705,63711,11
14752633223123,255034,349,533,1177,171090,60246,60252,11
14752633223231,255038,349,534,1178,185664,59520,59526,11
14753261221112,255258,350,621,1198,167538,65778,65784,11
14753261323112,255357,350,621,1213,207855,101025,101031,11
14753261333111,255384,350,621,1212,167879,69971,69977,11
14762351221331,258182,354,494,1548,192513,71367,71373,11
14762351321231,258260,354,491,1557,206665,76387,76393,11
14762351331221,258286,354,490,1557,157798,60178,60184,11
14763251221223,259636,356,625,1554,295508,91307,91314,11
14763251222312,259647,356,623,1552,274506,94563,94570,11
14763251332331,259757,356,629,1558,259105,76693,76699,11
14763251333123,259759,356,624,1565,244814,78497,78504,11
14763252322121,259966,356,633,1558,237397,62713,62719,11
14763253132232,260078,356,646,1543,233203,69259,69265,11
14763253133132,260084,356,645,1544,232995,65007,65013,11
14763253133222,260086,356,643,1544,252559,80719,80725,11
14763253133231,260087,356,646,1541,244356,67998,68004,11
14763253221221,260122,356,643,1548,235001,72959,72965,11
14763253222112,260127,356,639,1552,269524,90001,90008,11
14763521113211,260274,357,757,1406,186009,61557,61564,11
14763521113223,260275,357,763,1409,170015,61283,61290,11
14763523222331,260864,357,776,1420,143386,52219,52226,11
14765231111213,260985,358,650,1272,184095,79857,79863,11
14765231111312,260988,358,649,1275,192007,77863,77869,11
14765231112131,260993,358,654,1270,179388,64620,64626,11
14765231113121,261001,358,651,1271,164080,57148,57154,11
14765231133131,261056,358,654,1271,165740,56642,56648,11
14765232211211,261309,358,657,1281,169138,50146,50152,11
14765232232322,261376,358,661,1285,167740,53830,53836,11
14765232331313,261447,358,659,1293,168028,68374,68380,11
14765233113131,261488,358,672,1271,158479,46945,46951,11
14765233323332,261683,358,673,1295,169184,51230,51236,11
15236471111111,263898,362,162,4266,217449,82407,82413,11
15236473231121,264520,362,186,4278,151439,58895,58901,11
15243671331221,267034,366,196,2653,169973,64187,64193,11
15246371331332,268496,368,224,2627,233941,87658,87665,11
15246371332331,268505,368,224,2636,226384,77188,77194,11
15246372331331,268739,368,233,2627,223657,71659,71665,11
15267431223113,274959,377,248,4244,170606,60221,60228,11
15273641112323,276307,379,191,5122,212211,79467,79474,11
15324673113311,280446,384,321,3474,291714,90072,90078,11
15342671211311,284397,390,438,2649,145647,58941,58946,11
15346271321321,285964,392,571,2627,156005,57467,57473,11
15367421211113,292410,401,708,4242,207085,83365,83371,11
15367421223113,292455,401,709,4244,154373,62087,62093,11
15367423211123,292897,401,726,4251,179152,61894,61900,11
15426371111111,298890,410,351,1809,192656,63512,63518,11
15426371112233,298904,410,356,1810,169747,59407,59413,11
15463271313113,307818,422,621,1790,188738,82604,82611,11
15624732123212,317406,435,394,3412,230414,68903,68909,11
15624732133313,317436,435,395,3422,191990,74402,74409,11
15624732333332,317600,435,394,3428,180297,54108,54114,11
15627431223113,318699,437,386,4216,154337,56315,56321,11
15627431322113,318771,437,383,4219,211680,89748,89754,11
15627431332112,318798,437,382,4220,157332,64740,64746,11
15634722123332,321785,441,743,3421,244943,84521,84528,11
15634722321233,321926,441,744,3418,177708,68400,68407,11
15637423211123,323515,443,753,4224,199772,80990,80998,11
15642371111111,323676,444,486,2592,408215,119630,119636,11
15642372213311,324024,444,501,2613,174869,66335,66342,11
15642372231332,324062,444,503,2597,180207,54651,54658,11
15642372331322,324142,444,502,2600,167814,53061,53067,11
15642373212311,324258,444,510,2604,171427,70813,70820,11
15642373221323,324277,444,511,2596,181839,57603,57610,11
15642373231223,324301,444,508,2597,205711,57835,57842,11
15643271221331,325250,446,629,2596,165503,61355,61361,11
15643271331221,325354,446,625,2600,175637,68903,68909,11
15643273223111,325746,446,639,2614,155659,50743,50749,11
15647233213232,327182,448,673,2613,155354,56501,56508,11
15672341113232,328073,450,491,5031,200869,73963,73970,11
15672341323112,328257,450,486,5038,159219,65778,65784,11
15672342323312,328506,450,501,5038,183256,66550,66557,11
15672343213232,328640,450,509,5034,155524,60526,60532,11
15672433312133,329438,451,533,4236,219555,74535,74542,11
15724362212132,334217,458,365,3487,212078,60791,60797,11
15724631111111,334611,459,378,3456,199273,68563,68569,11
15724631211311,334698,459,378,3477,162115,65719,65725,11
15724631322233,334814,459,383,3473,183164,75758,75764,11
15724632123233,334904,459,395,3467,229183,70891,70897,11
15724632313223,335038,459,395,3472,169474,65860,65866,11
15724632323231,335066,459,393,3473,188056,61792,61798,11
15724632323333,335069,459,395,3482,186798,60312,60318,11
15724633132322,335167,459,400,3475,157047,56985,56991,11
15734622331223,339448,465,744,3472,187621,64675,64682,11
15746321111111,344817,473,783,2619,251070,93408,93414,11
15746321323211,345027,473,783,2644,150030,60858,60864,11
15746322313112,345240,473,795,2643,140895,56373,56379,11
15762342122213,345828,474,498,5068,261044,81446,81453,11
15763241111111,347004,476,621,5049,222981,80577,80583,11
15763242323132,347456,476,636,5066,159555,50085,50091,11
16243571132132,354359,486,195,3012,158894,60398,60404,11
16243571231231,354434,486,196,3004,171433,66637,66643,11
16243571321321,354490,486,194,3002,164304,59268,59274,11
16245371231231,355892,488,224,2866,177644,62564,62570,11
16254733312223,361516,495,263,3686,307304,99434,99441,11
16257431132111,362376,497,249,4485,180975,68445,68451,11
16257433223123,362926,497,266,4498,153363,51999,52005,11
16273541122133,363809,499,192,5586,259737,100167,100174,11
16273541321321,363967,499,194,5567,229408,67510,67516,11
16275341312213,366132,502,216,5450,216455,86669,86676,11
16275343122221,366484,502,238,5430,177209,62135,62142,11
16327453232333,370970,508,320,4777,166436,53855,53861,11
16342571331221,372010,510,437,3002,175734,62844,62850,11
16345271111111,373248,512,567,2862,380766,127302,127308,11
16345271133131,373322,512,575,2880,171394,52858,52864,11
16345271222111,373365,512,568,2872,187068,68802,68808,11
16345272322232,373694,512,583,2876,180738,58950,58956,11
16345272333212,373728,512,578,2885,164542,53296,53302,11
16345273122323,373777,512,589,2877,200646,57558,57564,11
16345273233323,373894,512,590,2887,215264,78536,78542,11
16347252131312,375009,514,578,3135,242685,81837,81843,11
16347253121312,375225,514,586,3135,229644,82992,82998,11
16357421223113,379935,521,709,4489,177234,69549,69556,11
16374521112323,382741,525,708,3828,187838,69152,69158,11
16374523211123,383293,525,726,3811,167163,62679,62685,11
16423572112121,385165,528,336,2190,199041,62100,62106,11
16427531211311,388644,533,378,2188,159763,74533,74540,11
16427531231321,388699,533,378,2209,176304,73830,73837,11
16427532333233,389039,533,395,2213,290557,90541,90548,11
16453271111111,395118,542,621,1917,241315,91087,91093,11
16453271211113,395199,542,621,1918,161099,77615,77621,11
16453272111131,395363,542,636,1917,162901,56941,56947,11
16475233132313,401505,550,668,2076,240031,76528,76535,11
16523473332323,403126,552,347,4364,165286,53176,53183,11
16523741112212,403149,553,328,5166,193511,64097,64104,11
16524731112212,404607,555,382,3546,223617,83847,83853,11
16524731112233,404609,555,383,3546,192097,80107,80113,11
16524731113133,404615,555,386,3537,190132,76342,76348,11
16527341111111,405324,556,351,5157,188985,64233,64239,11
16527431123333,406106,557,386,4368,279844,90118,90125,11
16527431222132,406172,557,382,4369,290824,96778,96785,11
16527431312222,406228,557,382,4358,315611,102338,102344,11
16527431333213,406290,557,386,4355,249761,95969,95976,11
16527432113333,406322,557,395,4365,253533,82365,82372,11
16527432211322,406384,557,388,4357,292592,90416,90423,11
16527432231122,406432,557,388,4363,263041,82243,82250,11
16527432231332,406439,557,388,4372,250986,71769,71775,11
16527432331322,406519,557,388,4364,268200,80484,80491,11
16527432333113,406530,557,395,4355,261086,93770,93777,11
16527433312133,406712,557,401,4367,256236,65805,65811,11
16532471111222,406786,558,462,4356,214421,82337,82344,11
16534271111111,408240,560,594,3537,212101,77911,77917,11
16534271111132,408242,560,600,3537,158206,56548,56554,11
16534273211111,408807,560,612,3538,198805,69523,69529,11
16534723211123,409537,561,753,3538,259779,91584,91591,11
16537421111222,410431,563,732,4356,175248,60738,60744,11
16537421113322,410452,563,734,4356,176833,69973,69979,11
16537421113331,410453,563,731,4365,186152,60830,60836,11
16537421223113,410553,563,737,4351,154341,58065,58071,11
16537421233112,410580,563,734,4354,217167,80337,80343,11
16537421332112,410652,563,733,4355,156377,63611,63617,11
16542371221331,411272,564,494,2731,147099,56235,56241,11
16542371331221,411376,564,490,2735,163014,63492,63498,11
16542372112331,411416,564,503,2736,227061,76005,76011,11
16543271221223,412726,566,625,2731,310235,108896,108903,11
16543271223221,412744,566,625,2749,231008,76991,76998,11
16543271331332,412838,566,629,2735,250382,95609,95616,11
16543271332331,412847,566,629,2744,252857,88265,88271,11
16543272331331,413081,566,638,2735,234086,76961,76968,11
16543273221221,413212,566,643,2731,249626,82220,82226,11
16543721111111,413343,567,756,2727,193642,72628,72634,11
16543721113211,413364,567,757,2745,158634,56712,56718,11
16547233332323,414790,568,671,2744,182520,65619,65625,11
16547321113331,414827,569,785,2745,228415,80227,80234,11
16572431111111,416259,571,513,4347,219126,81720,81726,11
16572433213223,416848,571,536,4357,157502,59582,59588,11
16573241123123,417034,572,624,5178,184119,63837,63843,11
16573241312312,417165,572,623,5168,165691,54805,54811,11
16574231113133,418466,574,656,3537,194450,66716,66723,11
16723451122133,419942,576,327,4776,195043,77473,77480,11
16723451322311,420108,576,329,4754,172693,64069,64076,11
16725431121311,423582,581,378,4623,165228,74208,74214,11
16725431131211,423606,581,378,4620,170523,90921,90927,11
16725431211122,423631,581,379,4627,172049,53573,53579,11
16725431211131,423632,581,378,4636,211545,84579,84585,11
16725431311121,423712,581,378,4628,159909,64659,64665,11
16725432211121,423874,581,387,4627,189338,55988,55994,11
16725432232223,423940,581,392,4630,166234,49294,49300,11
16725433113311,424059,581,402,4623,170375,51446,51451,11
16725433122212,424074,581,400,4620,160868,60074,60080,11
16725433333232,424274,581,403,4640,153034,46225,46230,11
16735242122213,427476,586,604,5448,230013,66792,66799,11
16742352232313,429045,588,501,3148,205037,70616,70623,11
16743252323222,430564,590,634,3155,167831,54080,54086,11
16745232121313,431844,592,659,2868,196402,69508,69515,11
16745232122222,431851,592,661,2874,182562,61707,61713,11
16745233121213,432084,592,668,2865,180342,69054,69061,11
16745233333313,432294,592,668,2888,261390,95946,95953,11
16753241221112,434592,596,621,5302,199068,89982,89989,11
17246351111111,444690,610,216,3186,188282,75314,75320,11
17265433111313,454659,623,263,4677,286134,101631,101638,11
17324561211323,454984,624,297,3911,197829,89763,89769,11
17324561232332,455048,624,302,3913,144123,49341,49347,11
17326452212111,458145,628,309,4833,304137,96381,96388,11
17356241212313,466656,640,567,5369,146579,69965,69971,11
17356242211331,466892,640,582,5348,232340,78404,78410,11
17362451211311,468105,642,438,4806,143938,68860,68866,11
17362451231321,468160,642,440,4815,161796,53568,53574,11
17362452213311,468366,642,447,4808,248848,80422,80428,11
17364251231231,469616,644,575,4005,192934,68947,68954,11
17423653213232,473711,649,349,2408,163649,61919,61925,11
17425631122112,474615,651,382,2115,175865,68975,68981,11
17425631223113,474705,651,386,2115,157694,65408,65414,11
17425631313113,474759,651,386,2106,171113,75983,75989,11
17425631322113,474777,651,383,2115,201316,82654,82660,11
17425631322332,474785,651,382,2123,236602,98074,98080,11
17425631323112,474786,651,385,2115,203620,69022,69028,11
17425631323223,474790,651,386,2119,165706,70198,70204,11
17425631332112,474804,651,382,2124,161678,73514,73520,11
17426531112233,476051,653,383,2248,175672,72352,72359,11
17426531121212,476067,653,379,2251,197991,58494,58500,11
17426531132312,476106,653,382,2261,193759,83575,83582,11
17426531213123,476137,653,386,2244,211119,95919,95926,11
17426531223221,476167,653,384,2254,155382,53550,53556,11
17426531232233,476186,653,383,2266,246948,93030,93037,11
17426531313131,476219,653,384,2247,198709,63760,63766,11
17426531331332,476261,653,379,2267,163006,58060,58066,11
17426532121211,476310,653,387,2251,180716,52229,52235,11
17426532331331,476504,653,387,2267,178891,59161,59167,11
17435622211133,479279,657,744,2108,237006,78498,78505,11
17435623211123,479521,657,753,2107,255360,88962,88969,11
17436521323232,480623,659,734,2257,155855,66275,66282,11
17452363213232,481730,660,509,2005,157134,63663,63670,11
17452363322132,481826,660,506,2011,158281,47320,47326,11
17452633213232,482459,661,535,1979,202876,60100,60106,11
17453262211133,482924,662,636,2000,180278,63767,63773,11
17462352213311,485862,666,501,2351,187425,68883,68890,11
17463251122112,487008,668,621,2362,173664,84816,84822,11
17463251221331,487088,668,629,2358,146372,60602,60608,11
17463251313113,487152,668,621,2357,168602,79874,79880,11
17463251321231,487166,668,628,2358,182098,62494,62500,11
17463251323112,487179,668,621,2363,207750,90684,90690,11
17463251331221,487192,668,625,2367,155472,67782,67788,11
17526431131121,493588,677,378,4416,174674,73292,73299,11
17526431231321,493675,677,378,4418,184008,75978,75985,11
17526432123233,493826,677,395,4423,243564,82734,82741,11
17543261111111,500094,686,621,2808,248620,85996,86002,11
17543261132111,500157,686,621,2823,158219,68027,68033,11
17642531111111,516861,709,513,3024,187694,68756,68762,11
17642531112233,516875,709,518,3039,225188,75530,75536,11
17642533312211,517521,709,534,3033,160264,54964,54970,11
17643251122112,517626,710,621,3172,189756,70125,70131,11
21345671111111,524880,720,810,2916,233961,87021,87026,11
21345762223322,525985,721,823,2968,279445,85549,85556,11
21345762312323,526030,721,831,2960,220769,85457,85464,11
21345762313223,526036,721,831,2966,198482,72872,72879,11
21345763332233,526325,721,836,2957,212978,73724,73731,11
21346752313322,527497,723,831,3209,237665,84053,84060,11
21347562312323,528217,724,831,3092,297337,133291,133298,11
21354671122112,529290,726,811,3729,173521,54472,54478,11
21354671131313,529314,726,812,3744,213894,64905,64911,11
21354671221112,529362,726,820,3726,176488,48871,48877,11
21354672311123,529660,726,831,3727,195559,83149,83156,11
21354672311132,529661,726,831,3728,214421,85433,85440,11
21354672313211,529680,726,831,3741,607070,209240,209247,11
21354673131113,529794,726,818,3726,212798,60143,60149,11
21354761112233,529997,727,810,3767,181424,70544,70550,11
21354761112311,529998,727,810,3774,169321,59125,59131,11
21354761113211,530004,727,810,3768,187837,60787,60793,11
21354761113322,530008,727,810,3778,171930,69726,69732,11
21354761122211,530022,727,811,3765,225532,75496,75502,11
21354761133311,530061,727,812,3777,189239,58637,58643,11
21354762213311,530331,727,822,3777,158374,69478,69484,11
21354763312211,530643,727,834,3765,169183,78667,78673,11
21357462311111,532575,730,831,4563,234234,89514,89521,11
21357463213331,532763,730,825,4587,216673,59242,59248,11
21357642221132,533252,731,823,5384,225940,69412,69419,11
21364752311111,534762,733,831,3996,202735,85297,85304,11
21364753212212,534936,733,825,4009,190870,59893,59899,11
21365742221312,536172,735,823,5496,165597,62517,62524,11
21365742312323,536236,735,831,5506,200396,86024,86031,11
21367451311331,536714,736,828,4824,171815,63119,63125,11
21367452112112,536796,736,813,4810,168746,64274,64280,11
21374653333121,539452,739,836,4024,187833,63441,63448,11
21375462312233,539879,740,831,4721,184230,69324,69331,11
21375463333211,540183,740,836,4701,199760,75356,75363,11
21376541111123,541648,743,810,5664,180238,62710,62717,11
21376541112311,541662,743,810,5645,174030,66606,66613,11
21376541122211,541686,743,811,5644,236715,74364,74370,11
21376541131133,541703,743,812,5667,184300,58633,58639,11
21457631321123,550585,755,938,1981,245711,101783,101789,11
21473563331312,556206,762,890,2287,219531,68490,68497,11
21536742222131,562421,771,850,5214,216318,69264,69271,11
21654372231323,587959,806,904,3719,190424,63785,63791,11
21654372233321,587977,806,904,3725,173847,69327,69334,11
21654373332122,588286,806,916,3704,171066,58887,58894,11
21654373332221,588289,806,916,3713,169835,62897,62904,11
21734652123131,595883,817,842,4025,166978,56074,56080,11
23147562123131,615566,844,1632,3102,241632,90963,90970,11
23147651112323,616021,845,1620,3229,199417,57181,57188,11
23147652312323,616426,845,1625,3229,173736,61128,61135,11
23156471222132,618311,848,1630,4557,186844,51583,51589,11
23156471333132,618428,848,1640,4560,158280,65268,65275,11
23156473323332,618893,848,1637,4562,175720,50665,50671,11
23157461231333,619793,850,1639,4583,198105,69993,70000,11
23157462131123,619948,850,1641,4574,247164,98784,98791,11
23164573213133,621695,852,1627,3869,198010,53719,53725,11
23164752131312,622140,853,1641,4017,189133,70621,70628,11
23164753333313,622563,853,1646,4022,184074,64044,64051,11
23165471111111,622566,854,1620,4671,200127,58455,58461,11
23165471311133,622730,854,1622,4689,180784,66124,66130,11
23165471312132,622739,854,1622,4690,168161,64421,64427,11
23165472111122,622810,854,1623,4680,188718,61260,61266,11
23165472111332,622817,854,1623,4695,161400,61032,61038,11
23165472132332,622880,854,1641,4696,185658,71190,71196,11
23165472311111,622971,854,1625,4671,172834,60604,60610,11
23165473233221,623209,854,1645,4685,204547,83347,83353,11
23165741112323,623311,855,1620,5506,250787,66473,66480,11
23165741231312,623436,855,1639,5496,228022,79093,79100,11
23165742123131,623585,855,1632,5483,226287,71481,71488,11
23165742131321,623599,855,1641,5487,278776,110473,110480,11
23165742131333,623600,855,1641,5505,326085,145683,145691,11
23165742312323,623716,855,1625,5506,225629,79733,79740,11
23165743331312,624003,855,1646,5496,326964,109113,109120,11
23167541233322,624913,857,1639,5630,189725,69227,69234,11
23167542131222,625054,857,1641,5628,187697,91985,91992,11
23174652123131,626501,859,1632,4025,196444,68422,68430,11
23175463211222,627511,860,1627,4711,204994,55141,55147,11
23176452132221,628708,862,1641,4843,188758,75478,75485,11
23176453332233,629114,862,1646,4858,200932,62986,62993,11
23416752121211,632316,867,2433,2386,253968,83319,83326,11
23417563232123,633403,868,2446,2291,167853,61695,61701,11
23456173212332,636272,872,4075,1949,146021,62834,62841,11
23456173233122,636328,872,4066,1968,186496,66532,66539,11
23456713212332,637001,873,4876,1949,151835,64844,64851,11
23475162121112,644706,884,4053,2143,237822,74979,74986,11
23517462131333,650573,892,2433,4454,255977,84056,84063,11
23576412233321,664522,911,4864,4418,169562,56108,56114,11
23576412312323,664540,911,4883,4412,162773,55961,55967,11
23657142121112,676782,928,4053,5329,257788,86011,86018,11
23671452122333,678257,930,3261,4804,354709,119437,119444,11
23674153232321,680065,932,4066,3989,153608,52454,52460,11
23751461132123,691156,948,3240,4577,146720,57212,57218,11
23751463112321,691594,948,3264,4575,148359,62475,62481,11
23756143222331,694619,952,4075,5351,185147,68990,68997,11
23756411222312,694860,953,4870,4541,228732,67422,67428,11
23756413222112,695340,953,4876,4539,239118,72429,72436,11
23756413223312,695355,953,4876,4544,229293,74208,74215,11
23756413322312,695427,953,4877,4541,240111,78117,78123,11
24153672321233,704651,966,1687,1181,188063,57635,57641,11
24157361313212,707313,970,1701,1213,171612,64776,64782,11
24157362323111,707580,970,1713,1212,169121,66803,66809,11
24167353132232,712058,976,1727,1543,248241,92952,92959,11
24173652323231,714146,979,1687,1613,156612,54762,54768,11
24315673311311,717990,984,2463,1320,296892,88218,88224,11
24315761122322,718108,985,2467,1330,206384,69050,69057,11
24315762213323,718414,985,2478,1340,188419,77533,77540,11
24351671212211,721803,990,3276,1173,236453,74891,74897,11
24351673111133,722198,990,3273,1163,240655,84091,84097,11
24351673311311,722364,990,3291,1179,278583,92415,92421,11
24351761111123,722440,991,3267,1190,284986,130870,130877,11
24351761212232,722534,991,3276,1201,201057,59808,59814,11
24367511323112,729936,1001,4897,1424,210401,77273,77279,11
24367513111121,730216,1001,4893,1407,157383,59619,59625,11
24376512222122,734464,1007,4900,1443,258095,90407,90414,11
24516732233111,737415,1011,2559,1014,192228,76626,76633,11
24531673123121,739738,1014,3302,1030,214973,73544,73551,11
24536713231232,742019,1017,4929,1015,191406,67044,67051,11
24537613231322,743479,1019,4929,1042,248991,93867,93874,11
24561372111131,743825,1020,3326,972,187732,78706,78712,11
24563711121212,745797,1023,4951,975,238407,78300,78307,11
24563712121232,746042,1023,4954,975,240297,86682,86689,11
24563713121222,746284,1023,4957,975,308118,108891,108898,11
24571362221213,748308,1026,3333,1067,222197,76451,76459,11
24571631121212,748713,1027,3358,1029,221592,73281,73288,11
24615371112332,753803,1034,2522,1248,178023,65298,65304,11
24615372213311,754134,1034,2532,1257,337469,126653,126660,11
24615731122313,754557,1035,2549,1249,234193,97369,97376,11
24615731132333,754586,1035,2549,1250,320875,122101,122108,11
24615732111323,754765,1035,2543,1248,283192,104290,104297,11
24615732213311,754863,1035,2559,1257,193232,73496,73503,11
24615732233321,754918,1035,2559,1259,229697,80222,80228,11
24615733113323,755026,1035,2564,1248,330088,111748,111755,11
24615733311122,755164,1035,2545,1260,201549,70791,70798,11
24617532233321,756376,1037,2559,1391,256453,96151,96158,11
24637512311132,760754,1043,4926,1401,240330,88038,88046,11
24651731113223,761827,1045,3359,1113,187553,64217,64224,11
24651731333333,762047,1045,3368,1133,168891,62181,62188,11
24715363311332,771938,1058,2519,1348,202203,54222,54228,11
24715631111111,772011,1059,2538,1296,213652,54256,54262,11
24715631122121,772048,1059,2547,1297,212025,63789,63795,11
24715631122133,772049,1059,2549,1298,170763,61647,61653,11
24715632313223,772438,1059,2561,1318,154785,73251,73257,11
24715633112111,772506,1059,2553,1296,152302,50992,50998,11
24715633131131,772553,1059,2544,1298,206614,63226,63232,11
24716532323231,773924,1061,2559,1456,239773,91369,91376,11
24731561111111,774198,1062,3294,1458,298494,103230,103236,11
24731562311231,774608,1062,3306,1482,173654,72590,72596,11
24736512222332,778211,1067,4927,1448,249564,85197,85203,11
24751362221231,778928,1068,3335,1197,308811,92466,92472,11
24751362321113,779004,1068,3324,1208,372129,121899,121906,11
24761531221223,783787,1075,3359,1416,241401,74262,74269,11
24763151111111,784404,1076,4131,1539,199386,57834,57840,11
24765313222112,787194,1079,4983,1279,203392,78625,78632,11
25134672233321,787723,1080,1670,3478,168111,60447,60453,11
25134672312323,787741,1080,1651,3481,161463,58215,58221,11
25134672313211,787746,1080,1652,3471,216521,79931,79937,11
25137461111111,790236,1084,1647,4293,217662,74520,74526,11
25137461211323,790324,1084,1647,4307,149751,66243,66249,11
25163741112323,796813,1093,1676,5068,198057,65019,65026,11
25314673111313,805308,1104,2463,3474,403459,134620,134627,11
25314673111331,805310,1104,2463,3476,385381,119737,119743,11
25314673131311,805362,1104,2465,3474,398536,114952,114958,11
25341673113311,809700,1110,3291,2664,333324,109866,109872,11
25341762313223,810346,1111,3279,2699,281785,112741,112748,11
25364172311231,815432,1118,4098,3444,307568,142304,142310,11
25364173223231,815639,1118,4102,3443,145466,58214,58220,11
25367411211122,817291,1121,4896,4251,205791,62283,62290,11
25413672323111,822762,1128,2505,1851,309695,125021,125027,11
25413763121222,823558,1129,2491,1873,215132,66221,66228,11
25436711311313,829041,1137,4932,1817,181938,69438,69443,11
25436712123122,829162,1137,4928,1818,169224,67302,67307,11
25436712123332,829169,1137,4928,1820,187470,64020,64025,11
25436712132122,829180,1137,4927,1827,185387,77075,77080,11
25436712323231,829328,1137,4919,1825,169075,54775,54780,11
25436713232321,829510,1137,4921,1832,181811,58595,58600,11
25436713332122,829585,1137,4930,1833,172420,52462,52467,11
25463713212332,833831,1143,4958,1786,190833,59697,59703,11
25471362323132,835886,1146,3326,1879,180247,68173,68179,11
25471631312213,836337,1147,3359,1842,271165,88252,88259,11
25631741212121,845002,1159,3295,5025,332340,102585,102592,11
25634713321232,847049,1161,4929,3418,209510,78647,78654,11
25641371213132,848657,1164,3323,2613,202212,68064,68071,11
25714632123131,859781,1179,2559,3458,215864,79412,79419,11
25714632223331,859868,1179,2559,3479,191473,69781,69788,11
25714632313211,859917,1179,2559,3471,535671,200451,200458,11
25714633121333,860012,1179,2546,3476,209296,69271,69277,11
25716431212223,861043,1181,2549,4279,201466,81268,81275,11
25716433223213,861564,1181,2564,4270,190078,71728,71735,11
25731642232211,862797,1183,3307,5106,334499,113723,113730,11
25734162221111,863487,1184,4107,3486,189819,66189,66196,11
25734613113323,864376,1185,4940,3475,257115,85551,85558,11
25736141111123,864595,1186,4113,5094,228293,77753,77759,11
25736141233232,864752,1186,4124,5089,216257,81611,81617,11
25736411133113,865395,1187,4934,4266,206318,65231,65237,11
25736411231321,865465,1187,4914,4280,186216,65211,65217,11
25736411321312,865518,1187,4923,4274,158736,71748,71755,11
25736411331113,865539,1187,4932,4272,197102,62597,62603,11
25736413123112,865854,1187,4931,4266,165432,70152,70159,11
25741361232113,866196,1188,3321,2687,228734,76436,76442,11
25741632222323,867148,1189,3371,2659,193106,71696,71703,11
25741632312323,867202,1189,3371,2662,174177,61002,61008,11
25743611233232,868397,1191,4951,2669,180200,64841,64848,11
25763142223133,872255,1196,4152,5072,219400,84553,84561,11
25763411332322,872845,1197,4952,4255,166504,60130,60137,11
26135742132221,877297,1203,1669,5430,208148,94850,94857,11
26135742213323,877336,1203,1652,5452,191899,71587,71594,11
26135742332312,877461,1203,1669,5444,198374,71756,71763,11
26153471122121,883585,1212,1683,4494,195378,57984,57990,11
26153473131131,884090,1212,1698,4500,177359,58277,58283,11
26153473132121,884098,1212,1698,4494,172949,59837,59843,11
26154372332213,885477,1214,1722,3686,384249,141171,141178,11
26175432331133,892028,1223,1751,4637,212043,85215,85222,11
26317451212211,895305,1228,2466,4753,307950,104928,104935,11
26345711223113,898983,1233,4906,2881,143550,42990,42995,11
26371453112111,905913,1242,3273,4752,169082,71876,71882,11
26415731322323,912184,1251,2549,2069,166554,56385,56391,11
26415732121223,912253,1251,2543,2064,165825,67635,67642,11
26415732233321,912382,1251,2559,2077,205586,86072,86079,11
26435712222122,916714,1257,4927,2062,303775,105307,105313,11
26435712233321,916756,1257,4919,2077,224507,77885,77892,11
26435712311132,916760,1257,4926,2054,214281,82179,82186,11
26435712322322,916801,1257,4927,2069,282703,90661,90667,11
26435713311122,917002,1257,4929,2054,211572,82452,82459,11
26435713333133,917075,1257,4940,2072,257291,74528,74535,11
26437512122312,918096,1259,4927,2196,188918,81740,81747,11
26453172211133,920324,1262,4152,1918,209008,82120,82127,11
26453711333333,920969,1263,4961,1943,188131,57919,57926,11
26513471122121,927325,1272,2493,4359,199323,55746,55752,11
26517343333313,930930,1276,2535,5183,242636,74642,74650,11
26534713333313,934575,1281,4940,3563,260555,86063,86070,11
26543171111111,937494,1286,4131,2727,197365,58333,58339,11
26543171123111,937539,1286,4131,2748,160047,46659,46665,11
26547313131323,940228,1289,4993,2733,259938,74391,74398,11
26573413331312,943305,1293,4958,4355,214669,65770,65777,11
26714531212133,947063,1299,2549,3814,208008,83949,83956,11
26714532121133,947243,1299,2543,3813,224773,75496,75503,11
26715433231322,949057,1301,2545,4633,191735,71069,71075,11
26741351232113,953676,1308,3321,3148,166294,55210,55216,11
26743512121232,955994,1311,4954,3003,259680,91329,91336,11
27134561131133,962336,1320,1665,3896,192671,69995,70002,11
27154632311132,973622,1335,1732,3728,173290,60052,60058,11
27314652313211,980931,1345,2478,4032,210899,88037,88043,11
27365412321212,996978,1367,4900,4674,250749,89382,89389,11
27415363131113,999270,1370,2517,2153,242731,76522,76529,11
27415632323231,999914,1371,2559,2120,207583,74647,74654,11
27415633321322,1000141,1371,2545,2122,256133,77138,77144,11
27416532133232,1001237,1373,2560,2266,172778,63848,63854,11
27416533321232,1001597,1373,2545,2257,209836,84748,84754,11
27435612122222,1004116,1377,4927,2119,186430,73696,73703,11
27453161123111,1007523,1382,4131,2013,153986,46232,46238,11
27453161132111,1007541,1382,4131,2019,180694,56110,56116,11
27456133132223,1009489,1384,4175,1966,196154,56714,56721,11
27516341111111,1017684,1396,2511,5211,189849,56115,56121,11
27534161111111,1020600,1400,4104,3618,188851,61033,61039,11
27534161111123,1020601,1400,4113,3620,250795,82723,82729,11
27534162311111,1021005,1400,4107,3618,174768,62214,62220,11
27534612311132,1021736,1401,4926,3593,204460,79930,79938,11
27536412332312,1023261,1403,4927,4409,188980,81292,81299,11
27543611111123,1025704,1407,4959,2782,221912,66350,66356,11
27543611111132,1025705,1407,4950,2783,157649,55985,55991,11
27546312231122,1027540,1409,4981,2760,332504,121256,121263,11
27613543333133,1033715,1417,2508,5615,243232,76141,76148,11
27614353311332,1034378,1418,2519,3990,211151,65999,66006,11
27615431312333,1036088,1421,2549,4668,230065,93004,93010,11
27615432113321,1036177,1421,2559,4659,243416,99242,99249,11
27615433313213,1036578,1421,2564,4647,169214,62528,62535,11
27634511131133,1038881,1425,4932,3842,189905,64187,64193,11
27634512233321,1039228,1425,4919,3857,177768,63006,63012,11
27643513311233,1043852,1431,4966,3030,275381,91412,91420,11
31246753312211,1052607,1443,965,3196,234804,92265,92273,11
31247651113232,1053428,1445,945,3236,169038,56916,56923,11
31247651323232,1053617,1445,966,3236,199548,67848,67855,11
31256471231222,1055731,1448,960,4546,189045,53820,53826,11
31257462222221,1057414,1450,958,4575,225362,81896,81903,11
31257462312311,1057470,1450,964,4566,186545,87965,87972,11
31257643311122,1058428,1451,965,5383,196067,78491,78498,11
31264572122213,1058790,1452,949,3871,193131,71595,71602,11
31264573132313,1059063,1452,953,3880,185839,49438,49444,11
31264573222223,1059115,1452,959,3874,190811,51302,51308,11
31264752132122,1059544,1453,952,4000,191945,65531,65538,11
31264752313121,1059661,1453,964,3998,204392,74516,74523,11
31265471111111,1059966,1454,945,4671,243126,69336,69342,11
31265471122112,1060002,1454,948,4672,170713,64243,64249,11
31265471122133,1060004,1454,948,4690,195399,69237,69243,11
31265471312213,1060140,1454,963,4675,173620,61804,61810,11
31265471313113,1060146,1454,963,4673,161197,55501,55507,11
31265471321111,1060155,1454,966,4671,151909,57541,57547,11
31265472233321,1060369,1454,961,4688,243612,96774,96780,11
31265472312233,1060385,1454,964,4693,173617,60643,60649,11
31265741233331,1060856,1455,960,5489,239902,70825,70831,11
31267542222233,1062518,1457,958,5641,224470,74911,74918,11
31267542313133,1062578,1457,964,5642,243444,90183,90190,11
31275461112233,1064354,1460,945,4721,247289,82637,82644,11
31275461322233,1064543,1460,966,4721,249683,80927,80934,11
31275462133211,1064658,1460,952,4701,208457,68711,68718,11
31275462223211,1064712,1460,958,4701,209399,70607,70614,11
31275462311213,1064748,1460,964,4703,219659,97850,97858,11
31275462312212,1064757,1460,964,4702,221822,84392,84399,11
31275463311122,1064989,1460,965,4708,238566,81720,81727,11
31276452133322,1066120,1462,952,4847,171958,64414,64421,11
31276452313313,1066227,1462,964,4841,202235,85661,85668,11
31452671323211,1071840,1470,1236,1986,143043,60519,60525,11
31452671332232,1071860,1470,1236,1994,151668,60774,60780,11
31452672322331,1072079,1470,1240,1985,152387,66653,66659,11
31456722111221,1074064,1473,1486,1945,191462,61484,61491,11
31462751111111,1076733,1477,1215,2349,205181,72347,72353,11
31462751113322,1076758,1477,1221,2354,176249,62657,62663,11
31475261322233,1082039,1484,1374,2147,184167,67869,67876,11
31475262331313,1082301,1484,1369,2159,220472,90944,90951,11
31475262333221,1082317,1484,1372,2154,183287,59756,59762,11
31524673332122,1085464,1488,1103,3598,259778,104657,104664,11
31527643332122,1089109,1493,1103,5254,153433,64897,64903,11
31564272212111,1095291,1502,1360,3565,293812,101416,101422,11
31564272213311,1095306,1502,1360,3584,170401,64051,64057,11
31564273113311,1095468,1502,1352,3584,186148,59242,59248,11
31572461122133,1097912,1506,1215,4451,189815,74285,74292,11
31624751112233,1102991,1513,1083,3984,161524,60286,60292,11
31624753312211,1103637,1513,1103,3978,158395,59965,59971,11
31627452221333,1105523,1516,1090,4804,244134,81870,81877,11
31654272313322,1112884,1526,1372,3723,267791,80387,80394,11
31754621331122,1130896,1551,1506,3727,235610,93746,93752,11
31765242322121,1136224,1558,1372,5482,229951,84334,84341,11
32145671111111,1137240,1560,1755,2916,323022,121530,121536,11
32145671123333,1137293,1560,1764,2942,186133,65317,65323,11
32145671132222,1137307,1560,1773,2929,174505,67195,67201,11
32145671221112,1137348,1560,1767,2916,187134,72540,72546,11
32145671333333,1137482,1560,1779,2942,185715,64089,64095,11
32145672113333,1137509,1560,1756,2942,175005,62373,62379,11
32145672212222,1137577,1560,1759,2929,177355,59863,59869,11
32145673112222,1137739,1560,1757,2929,158244,60348,60354,11
32145673311113,1137888,1560,1763,2916,180790,66928,66934,11
32146751232323,1139578,1563,1776,3203,179682,69216,69223,11
32146752232223,1139818,1563,1777,3202,220949,86165,86172,11
32147562313223,1140583,1564,1762,3101,158407,62383,62390,11
32147562333233,1140638,1564,1780,3104,283824,102792,102799,11
32147651123333,1140938,1565,1764,3239,276603,73068,73074,11
32147651132222,1140952,1565,1773,3226,252126,68661,68667,11
32147651213333,1140992,1565,1758,3239,285017,76592,76598,11
32147651312222,1141060,1565,1761,3226,262549,69166,69172,11
32147652113333,1141154,1565,1756,3239,255564,67179,67185,11
32147652231332,1141271,1565,1777,3218,247641,93111,93118,11
32147652233213,1141284,1565,1777,3237,326606,105440,105447,11
32147652331322,1141351,1565,1780,3217,268654,88012,88019,11
32147652332213,1141356,1565,1780,3228,316013,117491,117498,11
32147653112222,1141384,1565,1757,3226,257286,70551,70557,11
32156471111111,1143072,1568,1755,4536,206751,67593,67599,11
32156471113211,1143093,1568,1755,4543,164320,63124,63130,11
32156471232332,1143224,1568,1776,4559,151311,62349,62355,11
32156472312332,1143494,1568,1762,4559,159749,64229,64235,11
32156472332132,1143542,1568,1780,4557,157315,62437,62443,11
32156472332321,1143547,1568,1780,4550,172946,81860,81866,11
32156472333332,1143557,1568,1780,4562,178935,66741,66747,11
32156473223123,1143685,1568,1769,4551,146773,47200,47205,11
32156741112323,1143817,1569,1755,5369,300152,112010,112017,11
32156742311123,1144207,1569,1762,5364,161657,63485,63492,11
32156742313223,1144228,1569,1762,5371,191606,74150,74157,11
32156742333131,1144280,1569,1780,5352,162247,71293,71300,11
32157641232323,1145410,1571,1776,5395,180676,67780,67787,11
32157642231323,1145644,1571,1777,5392,182090,68126,68133,11
32164571111111,1145988,1572,1755,3861,225101,70061,70067,11
32164571111231,1145993,1572,1755,3876,156592,65752,65758,11
32164571232323,1146139,1572,1776,3883,161161,61123,61129,11
32164572232223,1146379,1572,1777,3874,192000,71016,71022,11
32164572232313,1146381,1572,1777,3880,191624,73274,73280,11
32164572233321,1146391,1572,1777,3884,186991,89101,89107,11
32164572312323,1146409,1572,1762,3883,180433,71623,71629,11
32164573323212,1146684,1572,1772,3872,170689,51724,51729,11
32165741111111,1148175,1575,1755,5481,270264,81816,81822,11
32165741111132,1148177,1575,1755,5490,174039,65145,65151,11
32165741233223,1148332,1575,1776,5504,167220,73974,73980,11
32165742211112,1148499,1575,1759,5490,219204,66102,66108,11
32165742331112,1148634,1575,1780,5490,161151,63477,63483,11
32165743311131,1148825,1575,1763,5481,170713,52477,52483,11
32167451111111,1148904,1576,1755,4806,226217,85565,85571,11
32167451213333,1149011,1576,1758,4832,180053,65777,65783,11
32167451222222,1149025,1576,1767,4819,172997,60095,60101,11
32167451312222,1149079,1576,1761,4819,171868,58882,58888,11
32167451333111,1149138,1576,1779,4808,166174,52588,52594,11
32167452211121,1149229,1576,1759,4815,177787,53107,53113,11
32167453222313,1149513,1576,1769,4813,153329,46466,46471,11
32167453313333,1149578,1576,1763,4832,177443,58589,58595,11
32167453321232,1149584,1576,1772,4827,174889,49210,49215,11
32174561112323,1150378,1578,1755,3911,219288,85530,85537,11
32174561232113,1150506,1578,1776,3890,228586,78928,78935,11
32174561232233,1150511,1578,1776,3905,201993,77817,77824,11
32174562231212,1150743,1578,1777,3898,183156,74220,74227,11
32174652312332,1151513,1579,1762,4046,156926,64130,64137,11
32174652332132,1151561,1579,1780,4028,160095,70476,70483,11
32175461111111,1151820,1580,1755,4698,232002,70920,70926,11
32175461113112,1151838,1580,1755,4699,160486,66796,66802,11
32175461221112,1151928,1580,1767,4699,165967,53467,53473,11
32175461333111,1152054,1580,1779,4698,171301,54499,54505,11
32175462233111,1152216,1580,1777,4698,180847,66487,66493,11
32175462312323,1152241,1580,1762,4715,240406,104278,104284,11
32416753121222,1157440,1587,2567,2389,283424,95075,95082,11
32417562113321,1157920,1588,2584,2271,271202,87083,87090,11
32417652132131,1158689,1589,2575,2423,167391,53295,53301,11
32417653132121,1158931,1589,2576,2422,145386,50940,50946,11
32451762331121,1160299,1591,3382,2016,148268,52364,52370,11
32456173212332,1161152,1592,4208,1949,190068,61395,61402,11
32456711233133,1161452,1593,5016,1968,359643,105201,105208,11
32465172112121,1165195,1598,4195,2080,183834,72684,72690,11
32465172132131,1165250,1598,4204,2098,150565,58315,58321,11
32465172133121,1165258,1598,4195,2099,157661,53435,53441,11
32465172332321,1165417,1598,4201,2104,176414,63704,63710,11
32465173123121,1165474,1598,4196,2090,165342,56838,56844,11
32465173132121,1165492,1598,4196,2098,170157,62997,63003,11
32465173133111,1165500,1598,4187,2099,184143,59955,59961,11
32465173233221,1165585,1598,4199,2102,197010,66774,66780,11
32475161232323,1169467,1604,4197,2159,200926,69742,69749,11
32475163331222,1170022,1604,4202,2155,206398,52015,52021,11
32476513232231,1172138,1607,5000,2266,174848,56228,56234,11
32517463131311,1175694,1612,2567,4434,283563,104070,104077,11
32546713323212,1179489,1617,5012,2776,191195,52100,52106,11
32547611121113,1180278,1619,5013,2784,177649,65209,65216,11
32547611131112,1180305,1619,5004,2787,164920,62704,62711,11
32547611213111,1180350,1619,4998,2799,168644,58862,58869,11
32547611312111,1180422,1619,5001,2790,176600,56270,56277,11
32547612111311,1180500,1619,4996,2781,171691,64471,64478,11
32547613111211,1180740,1619,4997,2781,168589,61921,61928,11
32561471113133,1181000,1620,3375,4394,193884,62244,62250,11
32561471121311,1181013,1620,3393,4377,173887,63091,63097,11
32561471122211,1181019,1620,3384,4378,188007,57867,57873,11
32561471131211,1181037,1620,3384,4380,175497,67521,67527,11
32561471211131,1181063,1620,3378,4392,222419,82757,82763,11
32561471311121,1181143,1620,3381,4383,177932,60974,60980,11
32561472133313,1181301,1620,3394,4382,168742,68392,68398,11
32561472213122,1181323,1620,3379,4385,168090,58554,58560,11
32561473222223,1181587,1620,3389,4387,159159,45933,45939,11
32561473323212,1181676,1620,3392,4379,161345,49781,49787,11
32567412122222,1184908,1625,5005,4387,185166,60372,60379,11
32567412131312,1184928,1625,5005,4380,229241,89489,89496,11
32567412222212,1184988,1625,5008,4378,281724,91506,91513,11
32567413131212,1185168,1625,5006,4380,181900,79762,79769,11
32567413133333,1185191,1625,5015,4400,222857,70991,70998,11
32576142313223,1188697,1630,4201,5230,181807,70363,70369,11
32615473332122,1191898,1634,2582,4655,187347,53115,53120,11
32647152133121,1197334,1642,4195,3179,213470,79538,79544,11
32647153132121,1197568,1642,4196,3170,146465,48821,48827,11
32647512333233,1198229,1643,5020,3050,297033,101655,101662,11
32657143121213,1201908,1648,4187,5338,223551,65718,65726,11
32657412111212,1202367,1649,5005,4509,219735,77076,77083,11
32671453123313,1203387,1650,3395,4786,230026,72037,72044,11
32674152113333,1204577,1652,4204,3993,265739,97580,97588,11
32714652332132,1208423,1657,2581,4028,169394,61289,61296,11
32716452123212,1210431,1660,2584,4837,253515,82485,82491,11
32741651121311,1212360,1663,3393,3213,232441,83851,83858,11
32741651131211,1212384,1663,3384,3213,183745,63583,63590,11
32741651211131,1212410,1663,3378,3215,171053,58727,58734,11
32741651311121,1212490,1663,3381,3214,177836,58436,58443,11
32741652111113,1212570,1663,3376,3219,187431,71979,71986,11
32741653111112,1212813,1663,3377,3216,187239,72771,72778,11
32745611223332,1213919,1665,5007,2942,163374,68916,68923,11
32745612313322,1214215,1665,5011,2941,190350,69312,69319,11
32745612322331,1214234,1665,5002,2933,159269,53291,53298,11
32751643321232,1217381,1669,3392,5384,196850,55358,55365,11
32754163211123,1217998,1670,4199,3755,169486,58966,58972,11
32756141233121,1219042,1672,4197,5352,201274,72355,72362,11
32761452121313,1220622,1674,3394,4812,187027,69580,69586,11
32761452122222,1220629,1674,3385,4819,198751,72283,72290,11
32761452222212,1220709,1674,3388,4810,186281,62843,62850,11
32761453121312,1220865,1674,3395,4809,260730,93975,93981,11
32761453133333,1220912,1674,3395,4832,190452,72762,72769,11
32765411112221,1224004,1679,4995,4684,184878,58854,58860,11
32765411121113,1224018,1679,5013,4671,167704,57310,57316,11
32765411131112,1224045,1679,5004,4671,159967,61423,61429,11
32765411133113,1224063,1679,5013,4673,174901,55555,55561,11
32765411331113,1224207,1679,5019,4671,174727,56827,56833,11
32765412221312,1224348,1679,5008,4677,166211,74225,74231,11
32765412323222,1224445,1679,5011,4685,172809,69333,69339,11
32765413122212,1224516,1679,5006,4675,158696,67250,67256,11
32765413223312,1224609,1679,5009,4679,157549,53089,53095,11
32765413231223,1224616,1679,5018,4683,187357,56329,56335,11
32765413322312,1224681,1679,5012,4678,155686,52390,52396,11
34125672131213,1225020,1680,1909,1299,178943,71999,72006,11
34125672131312,1225023,1680,1909,1302,199024,89170,89177,11
34125672221222,1225075,1680,1900,1309,186568,64138,64145,11
34125673133333,1225286,1680,1916,1304,204535,71770,71776,11
34127651121113,1228392,1685,1899,1599,167080,62908,62915,11
34127651131112,1228419,1685,1908,1596,165067,60505,60512,11
34127651213111,1228464,1685,1896,1602,169636,57022,57029,11
34127651312111,1228536,1685,1893,1611,177184,56470,56477,11
34127652111311,1228614,1685,1891,1593,166490,68606,68613,11
34127653111211,1228854,1685,1892,1593,167831,58625,58632,11
34162752132212,1234506,1693,2047,1543,340918,111568,111575,11
34165271112212,1234938,1694,2160,1273,204087,62703,62709,11
34165271121311,1234959,1694,2169,1275,188765,74027,74033,11
34165271131211,1234983,1694,2178,1272,176810,67712,67718,11
34165271211131,1235009,1694,2166,1278,217189,72301,72307,11
34165271311121,1235089,1694,2163,1287,165904,56770,56776,11
34165271311133,1235090,1694,2166,1287,182590,56230,56236,11
34165272323333,1235384,1694,2176,1295,170230,59812,59818,11
34165273133312,1235490,1694,2180,1277,213386,81578,81584,11
34165273222322,1235536,1694,2174,1285,152728,45280,45286,11
34165273311131,1235576,1694,2168,1287,167740,46438,46444,11
34167252213323,1236733,1696,2164,1556,194709,63363,63370,11
34172562132332,1238156,1698,2050,1465,192464,79280,79287,11
34172562313331,1238273,1698,2032,1482,206045,68735,68742,11
34175263321232,1239980,1700,2177,1345,197849,57089,57095,11
34216572213122,1244017,1706,2719,1443,266057,102059,102066,11
34261572132131,1251272,1716,3517,1411,149505,54273,54279,11
34261572133121,1251280,1716,3517,1409,156963,54357,54363,11
34261573123121,1251496,1716,3515,1409,160385,52787,52793,11
34265712212132,1253486,1719,5140,1279,249490,101158,101165,11
34275161312213,1256970,1724,4320,1346,187011,69897,69904,11
34275162112322,1257055,1724,4330,1330,179959,78793,78800,11
34275162213221,1257142,1724,4330,1335,197816,70676,70683,11
34516271111111,1261170,1730,2970,999,193694,54422,54428,11
34516272312332,1261592,1730,2986,1019,211586,73310,73316,11
34516722313223,1262326,1731,3130,1018,237318,100521,100529,11
34517622231323,1263742,1733,3112,1042,198419,76265,76272,11
34521672223232,1264460,1734,3661,1040,183693,57414,57420,11
34526713232312,1266909,1737,5279,1016,169327,58393,58400,11
34527612211322,1268062,1739,5275,1036,278771,105245,105252,11
34527612231122,1268110,1739,5275,1042,271379,126614,126622,11
34527612231332,1268117,1739,5275,1043,297559,115891,115898,11
34527612331322,1268197,1739,5275,1051,271190,108554,108561,11
34527613312133,1268390,1739,5288,1046,276213,85902,85908,11
34561272122123,1268740,1740,3784,976,258156,77877,77883,11
34561272122321,1268746,1740,3802,976,269473,89971,89978,11
34561272212213,1268796,1740,3790,982,327539,116975,116982,11
34561272213122,1268803,1740,3784,983,267921,69924,69930,11
34561272232211,1268850,1740,3790,988,316544,127853,127861,11
34561273221233,1269059,1740,3797,984,255861,64086,64092,11
34561273233131,1269101,1740,3788,989,253412,73451,73457,11
34561273311233,1269113,1740,3797,990,265609,71824,71830,11
34561273313321,1269133,1740,3803,992,302886,89856,89863,11
34561273321133,1269137,1740,3788,993,276199,75958,75964,11
34561273321223,1269139,1740,3794,993,259608,67011,67017,11
34561721111111,1269189,1741,3915,972,209843,67433,67439,11
34562171321111,1270107,1742,4590,993,169056,50217,50223,11
34562171321231,1270112,1742,4611,993,165093,54012,54018,11
34562172232313,1270311,1742,4597,988,218213,79391,79398,11
34567212223232,1272479,1745,5551,986,214045,71896,71902,11
34617252111212,1280370,1756,2971,1515,234545,74222,74229,11
34617252123212,1280415,1756,2989,1516,232341,75042,75049,11
34617252132212,1280433,1756,2980,1517,248154,73419,73426,11
34617522221333,1281212,1757,3112,1393,221002,69661,69667,11
34621572132131,1281890,1758,3649,1385,174896,58748,58754,11
34625172111212,1283286,1760,4456,1245,251163,87222,87229,11
34627512232313,1285620,1763,5287,1388,176861,58937,58944,11
34651271123111,1286001,1764,3780,1114,172704,72846,72852,11
34651272332132,1286426,1764,3787,1130,164817,60447,60453,11
34675212222122,1294336,1775,5548,1252,256609,96964,96971,11
34715262221123,1296514,1778,2974,1334,252003,86559,86566,11
34716522223211,1298721,1781,3124,1441,224313,81360,81366,11
34721652121313,1300083,1783,3664,1599,240586,95158,95165,11
34721652131213,1300107,1783,3655,1599,218009,82733,82740,11
34721652221222,1300162,1783,3655,1606,243655,80263,80270,11
34721652222212,1300170,1783,3658,1605,229031,74795,74802,11
34721653333313,1300533,1783,3671,1617,215148,70461,70467,11
34725611212211,1301358,1785,5268,1308,190954,55354,55360,11
34725612111113,1301508,1785,5284,1296,164452,61966,61972,11
34725612121322,1301542,1785,5275,1303,190188,90120,90126,11
34725612231212,1301646,1785,5275,1308,190646,78878,78884,11
34725612231332,1301651,1785,5275,1313,167106,81030,81036,11
34725612322232,1301711,1785,5278,1319,178565,63569,63575,11
34725612331322,1301731,1785,5275,1321,176344,75178,75184,11
34725613111112,1301751,1785,5276,1296,180738,67056,67062,11
34725613111133,1301753,1785,5285,1298,175456,57400,57406,11
34725613132223,1301818,1785,5288,1300,176419,63679,63685,11
34725613311113,1301913,1785,5285,1314,175940,61484,61490,11
34761252323222,1308280,1794,3793,1562,166472,54035,54041,11
35126741232212,1314534,1803,1911,5089,210830,71468,71475,11
35126742231233,1314770,1803,1909,5098,210113,96056,96064,11
35127462331331,1315583,1804,1909,4317,221236,89365,89372,11
35162472122231,1321232,1812,2038,4258,167853,64617,64623,11
35162472123233,1321241,1812,2038,4259,214683,73245,73251,11
35162473122221,1321474,1812,2039,4249,165084,57312,57318,11
35162473323131,1321643,1812,2036,4265,168029,55025,55031,11
35162473332122,1321660,1812,2045,4255,186631,70117,70123,11
35162473332131,1321661,1812,2045,4264,166404,65262,65268,11
35162742213323,1322026,1813,2032,5072,216396,65712,65719,11
35167242132212,1324173,1816,2179,5059,211443,76077,76084,11
35172461232323,1325473,1818,2049,4307,200740,65818,65825,11
35174262213131,1327124,1820,2167,3486,251877,74754,74761,11
35174262231113,1327158,1820,2179,3488,221728,89044,89052,11
35246171111111,1335528,1832,4320,2619,187553,67379,67385,11
35246171113322,1335553,1832,4329,2639,162876,58008,58014,11
35246172213311,1335876,1832,4321,2642,181471,62863,62869,11
35267141223233,1341491,1840,4341,5072,153578,68930,68936,11
35267141321132,1341551,1840,4341,5064,320840,136004,136010,11
35271461322233,1343021,1842,3522,4319,166406,65786,65793,11
35416721113112,1349397,1851,3126,1809,166167,65409,65415,11
35416723232213,1350012,1851,3122,1831,224615,76655,76661,11
35417622223133,1351208,1853,3130,1850,243218,84824,84831,11
35426712131132,1354052,1857,5275,1827,186194,85802,85809,11
35426712311312,1354164,1857,5275,1817,164817,95313,95320,11
35426713111313,1354245,1857,5285,1811,197565,65031,65038,11
35426713131113,1354293,1857,5285,1827,178991,60647,60654,11
35426713312211,1354413,1857,5270,1816,188690,67514,67521,11
35461271111231,1355945,1860,3795,1782,193494,67590,67597,11
35461271321231,1356134,1860,3795,1797,164871,56013,56020,11
35461272222323,1356307,1860,3802,1795,171218,53105,53111,11
35462171131313,1357458,1862,4596,1800,183256,52495,52501,11
35462171212121,1357489,1862,4599,1786,191904,55599,55605,11
35462171221223,1357510,1862,4602,1794,157779,56118,56125,11
35462171332331,1357631,1862,4614,1807,176798,61268,61274,11
35462172213311,1357746,1862,4597,1787,188840,71900,71907,11
35462172223331,1357775,1862,4615,1796,172334,60200,60207,11
35462172312131,1357814,1862,4609,1789,167064,74814,74821,11
35462173123211,1357932,1862,4595,1793,175422,58023,58029,11
35462173131311,1357944,1862,4598,1800,195876,57012,57019,11
35462173221221,1357996,1862,4604,1794,188437,59854,59861,11
35462712322322,1358575,1863,5416,1798,210243,70719,70725,11
35472163222313,1362381,1868,4598,1877,171718,48424,48430,11
35472163231322,1362400,1868,4607,1885,190284,57774,57780,11
35476122221111,1363581,1870,4726,1821,195011,54539,54544,11
35614722321233,1367312,1875,3112,3418,203449,81238,81245,11
35617423131332,1368881,1877,3110,4232,185297,63197,63204,11
35624712121232,1371524,1881,5275,3412,263075,94643,94649,11
35624712321212,1371684,1881,5275,3418,306249,139341,139349,11
35624712321332,1371689,1881,5275,3427,257391,100827,100835,11
35624712331232,1371713,1881,5275,3419,259483,100615,100623,11
35714623111322,1384864,1899,3110,3475,224279,74936,74943,11
35721642221213,1387641,1903,3655,5124,344808,114945,114952,11
35762142222113,1397124,1916,4591,5071,207398,72062,72069,11
36125471111333,1401146,1922,1890,4641,178315,52249,52255,11
36125471212112,1401228,1922,1893,4618,252239,80945,80951,11
36125471213111,1401237,1922,1896,4618,163023,55959,55965,11
36125471222111,1401255,1922,1902,4618,256733,77261,77267,11
36125471312111,1401309,1922,1893,4619,171405,58797,58803,11
36125472111311,1401387,1922,1891,4623,162339,62415,62421,11
36125472121223,1401412,1922,1900,4629,155651,60803,60809,11
36125473111211,1401627,1922,1892,4620,174567,67491,67497,11
36125473232222,1401772,1922,1913,4630,190894,69016,69022,11
36125473323233,1401836,1922,1907,4640,184632,50160,50166,11
36125743222331,1402478,1923,1904,5434,296403,100113,100119,11
36127451333222,1402834,1924,1914,4766,159994,60382,60389,11
36145272122222,1405795,1928,2173,2874,217187,76742,76748,11
36145272131213,1405812,1928,2179,2865,282441,117435,117442,11
36145272131312,1405815,1928,2179,2868,193083,76581,76588,11
36145273333313,1406238,1928,2180,2888,222361,75457,75464,11
36147251121311,1407003,1930,2169,3132,183544,64960,64967,11
36147251131211,1407027,1930,2178,3132,192305,77141,77148,11
36147251211131,1407053,1930,2166,3133,200067,63321,63328,11
36147251311121,1407133,1930,2163,3134,167467,55891,55898,11
36147252111113,1407213,1930,2161,3138,213961,76987,76994,11
36147253111112,1407456,1930,2162,3135,179608,65950,65957,11
36152741231312,1409298,1933,2049,5302,237103,81214,81221,11
36152742131321,1409461,1933,2050,5292,209220,78909,78916,11
36172452133133,1413119,1938,2044,4776,250759,88927,88934,11
36217452131333,1420397,1948,2707,4776,243256,81925,81932,11
36217541223311,1420953,1949,2721,5563,143316,57876,57882,11
36217543213112,1421406,1949,2720,5572,150986,61454,61460,11
36241573212332,1422134,1950,3530,3013,157815,58509,58515,11
36241753212311,1422861,1951,3530,3142,183289,64987,64993,11
36415272123212,1436421,1970,2989,2064,225738,83751,83758,11
36417522123311,1438611,1973,3124,2196,202812,75369,75376,11
36514272212111,1453959,1994,2980,3538,281465,97379,97386,11
36521472113321,1456810,1998,3670,4356,198114,73452,73459,11
36521472331121,1457002,1998,3646,4364,166772,71090,71097,11
36527411131133,1460243,2003,5283,4371,168321,48741,48747,11
36527412111113,1460430,2003,5284,4347,165840,62112,62118,11
36527412131222,1460488,2003,5275,4362,194735,84239,84245,11
36527412211322,1460518,2003,5275,4357,196493,93995,94001,11
36527412221312,1460544,2003,5275,4351,170681,83429,83435,11
36527412231122,1460566,2003,5275,4363,172497,75591,75597,11
36527412322232,1460633,2003,5278,4370,175270,62320,62326,11
36527413111112,1460673,2003,5276,4347,174981,64359,64365,11
36527413311311,1460841,2003,5267,4349,163934,46820,46826,11
36541272323222,1461370,2004,3793,2750,164686,53857,53863,11
36542712121322,1463380,2007,5416,2730,254832,83571,83578,11
36547212121313,1464837,2009,5554,2730,215014,71959,71965,11
36547212122222,1464844,2009,5548,2739,227847,84609,84616,11
36547212131312,1464864,2009,5545,2733,228948,80946,80953,11
36547212221222,1464916,2009,5548,2731,217197,85497,85504,11
36547213331333,1465271,2009,5561,2735,195736,66670,66677,11
36712542121112,1470663,2017,2836,5571,265093,73894,73901,11
36712542121121,1470664,2017,2836,5565,248263,69280,69287,11
36712542121211,1470666,2017,2839,5562,292236,88896,88902,11
36712542122111,1470672,2017,2845,5562,261754,74986,74992,11
36714252232223,1471513,2018,2983,3958,171101,55772,55778,11
36714521232113,1471995,2019,3120,3808,236200,80509,80515,11
36714522121322,1472128,2019,3109,3828,234795,91095,91102,11
36714522122213,1472133,2019,3121,3816,190284,79644,79651,11
36714523132223,1472404,2019,3122,3819,193511,59642,59648,11
36714523132322,1472407,2019,3119,3828,189805,55096,55102,11
36721451131331,1474100,2022,3663,4770,166951,54457,54463,11
36721452121322,1474315,2022,3664,4764,191067,75579,75585,11
36721452122123,1474318,2022,3649,4767,159195,50595,50601,11
36721452122213,1474320,2022,3658,4758,190958,78470,78476,11
36721452122321,1474324,2022,3667,4761,178366,56428,56434,11
36721452131111,1474335,2022,3646,4752,176501,87413,87419,11
36721452223232,1474412,2022,3661,4774,170818,56440,56446,11
36721453113113,1474542,2022,3653,4758,185574,59340,59346,11
36721453121111,1474551,2022,3647,4752,225518,87944,87950,11
36725411121212,1477713,2027,5274,4620,281576,89093,89100,11
36725411131313,1477743,2027,5283,4623,282440,67328,67334,11
36725411212121,1477774,2027,5268,4627,283277,61121,61127,11
36725411313131,1477865,2027,5271,4637,284418,82023,82030,11
36725412111212,1477929,2027,5275,4620,304982,141782,141790,11
36725412121112,1477953,2027,5275,4617,281819,114341,114349,11
36725412121211,1477956,2027,5266,4620,290186,95255,95262,11
36725412121232,1477958,2027,5275,4638,283268,106751,106758,11
36725412123212,1477974,2027,5281,4620,300029,96692,96699,11
36725412321212,1478118,2027,5275,4622,295121,113426,113433,11
36725413111313,1478175,2027,5285,4623,325056,96822,96828,11
36725413131113,1478223,2027,5285,4617,292160,93311,93318,11
36725413131311,1478229,2027,5267,4623,341352,81648,81654,11
36741252122123,1478692,2028,3784,3147,285256,87247,87253,11
36741252122321,1478698,2028,3802,3141,266348,78980,78987,11
36741252122333,1478699,2028,3805,3147,257288,80852,80859,11
36741252123323,1478707,2028,3802,3156,275441,83897,83904,11
36741253233131,1479053,2028,3788,3151,271520,74093,74099,11
36745211211221,1482142,2033,5538,2866,155497,49675,49681,11
36745212121223,1482331,2033,5557,2865,162257,59219,59225,11
36745212122312,1482342,2033,5545,2877,202763,71471,71477,11
36745212122333,1482344,2033,5560,2877,172318,55144,55150,11
36745212123323,1482352,2033,5557,2886,193652,61844,61850,11
36745212131111,1482354,2033,5536,2862,162826,74386,74392,11
36745212223232,1482431,2033,5551,2884,171048,57372,57378,11
36745213121111,1482570,2033,5537,2862,210022,81466,81472,11
36745213131131,1482599,2033,5543,2862,159733,53185,53191,11
36745213133111,1482615,2033,5537,2880,175252,56992,56998,11
36745213232213,1482690,2033,5555,2875,167218,53392,53398,11
36751243222322,1483396,2034,3803,5305,175099,51556,51562,11
36752142122132,1484525,2036,4609,5304,186800,67094,67101,11
36752142123221,1484536,2036,4603,5298,174954,66243,66249,11
36752143132232,1484798,2036,4613,5304,155562,53253,53260,11
36752143133222,1484806,2036,4604,5307,189412,66211,66218,11
36752143211132,1484813,2036,4610,5302,176794,69478,69485,11
36754123232222,1486336,2038,4739,3685,303561,79281,79287,11
37246511112233,1512689,2075,5148,3067,214337,77657,77663,11
37256142321233,1516757,2080,4342,5365,201518,73676,73683,11
37415622333221,1524820,2091,3124,2128,226830,89712,89719,11
37426513132313,1530726,2099,5288,2261,260106,78246,78252,11
37452162323312,1532814,2102,4597,2014,187220,65426,65433,11
37516422333311,1543776,2117,3124,4409,177755,75281,75288,11
37561241311112,1552932,2130,3780,5193,172734,72972,72978,11
37612453122233,1557671,2136,2849,4804,175097,57389,57396,11
37612542221111,1558224,2137,2836,5590,205594,65251,65258,11
37614252221123,1558954,2138,2974,3976,223513,64339,64346,11
37614521111111,1559331,2139,3105,3834,235607,61193,61198,11
37614521323232,1559543,2139,3126,3850,153412,54694,54699,11
37614522111221,1559578,2139,3106,3846,173910,52872,52877,11
37614522113321,1559599,2139,3124,3855,197687,83279,83284,11
37614522313322,1559761,2139,3127,3855,206042,75410,75415,11
37614522323312,1559787,2139,3127,3853,172674,59052,59057,11
37614523232213,1559964,2139,3122,3845,194586,64440,64445,11
37615421113322,1560814,2141,3126,4659,217048,80248,80255,11
37615422211133,1561115,2141,3112,4662,215752,78730,78737,11
37615422223133,1561160,2141,3130,4663,218629,85618,85626,11
37615422313121,1561213,2141,3124,4653,203359,79426,79434,11
37615422313331,1561220,2141,3124,4668,218347,82066,82072,11
37615423121132,1561304,2141,3110,4663,230749,76501,76508,11
37624152311213,1563384,2144,4456,3984,223731,94116,94124,11
37624511232233,1563854,2145,5286,3851,202428,68046,68053,11
37624512121322,1563982,2145,5275,3856,233724,107166,107173,11
37624512231212,1564086,2145,5275,3845,180666,80466,80473,11
37624513131323,1564252,2145,5285,3857,192534,69018,69025,11
37624513231313,1564332,2145,5285,3854,187742,62849,62855,11
37641252222323,1566259,2148,3802,3175,198968,70538,70545,11
37642152213311,1567698,2150,4597,3177,233733,87729,87736,11
37642513122221,1568605,2151,5405,3037,200888,62603,62609,11
37645122312221,1569226,2152,4735,2901,169718,55736,55743,11
37651242211133,1570592,2154,3787,5337,242111,89927,89934,11
37651422312311,1571415,2155,3934,4512,227844,78009,78015,11
37652141113232,1571747,2156,4611,5334,164250,55992,55998,11
37652143231322,1572352,2156,4607,5330,185530,57454,57460,11
37654212311222,1574320,2159,5548,3708,213828,81561,81568,11
41236753232321,1577464,2163,988,776,181155,61821,61827,11
41237561313131,1577738,2164,992,654,254649,85662,85669,11
41263751312222,1584292,2173,1018,733,275171,97619,97626,11
41325671212211,1592229,2184,1119,489,185018,62540,62546,11
41325762313223,1593292,2185,1131,527,171867,85431,85438,11
41325763131233,1593410,2185,1109,536,164442,61986,61993,11
41352671212112,1596600,2190,1251,354,256194,82965,82972,11
41352671212121,1596601,2190,1251,355,264267,76962,76969,11
41352671222111,1596627,2190,1252,354,265716,77298,77304,11
41357622313112,1600578,2195,1533,366,147546,82158,82164,11
41367253111133,1604288,2200,1383,753,242357,77363,77370,11
41532672313211,1614432,2214,1292,225,326151,105567,105573,11
41532761233133,1614890,2215,1280,251,216385,68533,68540,11
41563273113311,1620348,2222,1433,182,194136,57213,57219,11
41576322212222,1626736,2231,1606,199,238948,69775,69782,11
41625372313211,1629012,2234,1185,444,516402,155964,155971,11
41625373121213,1629102,2234,1161,454,181535,58064,58070,11
41625731222231,1629437,2235,1200,436,210870,61443,61449,11
41635721212121,1633780,2241,1549,432,309480,97977,97984,11
41657321222312,1639644,2249,1605,301,193969,60781,60787,11
41673252212222,1642045,2252,1444,714,252215,72710,72717,11
41673521111111,1642437,2253,1566,567,205908,55992,55998,11
41723562313211,1645050,2256,1159,657,196574,68450,68457,11
41725361232113,1646226,2258,1173,515,222012,68562,68569,11
41725361321213,1646274,2258,1179,518,267707,83726,83733,11
41725362221213,1646436,2258,1170,527,229156,83890,83898,11
41725362313211,1646508,2258,1185,525,248123,65903,65910,11
41725362313223,1646509,2258,1186,527,248822,100934,100941,11
41725363121222,1646599,2258,1162,535,213499,59203,59209,11
41725363121231,1646600,2258,1163,534,204365,59489,59495,11
41725631111111,1646811,2259,1188,486,245498,78620,78626,11
41725631211122,1646893,2259,1198,487,190684,56932,56938,11
41725632322331,1647260,2259,1209,503,166712,59480,59486,11
41725633111133,1647299,2259,1190,506,180397,58591,58597,11
41725633121123,1647325,2259,1190,505,173864,61658,61664,11
41725633211111,1647378,2259,1197,504,198973,73165,73171,11
41726352313322,1647970,2260,1186,770,189290,71816,71823,11
41726532312233,1648688,2261,1211,637,234801,79803,79810,11
41735261323313,1650669,2264,1424,521,235292,94562,94569,11
41735262312233,1650875,2264,1429,527,220925,85169,85176,11
41735263123223,1650991,2264,1409,536,177647,58184,58190,11
41735621233232,1651343,2265,1553,491,184140,51606,51612,11
41735622313322,1651615,2265,1562,502,215611,69880,69887,11
41736521233232,1652801,2267,1553,628,221085,75747,75753,11
41736522332231,1653116,2267,1558,637,171555,72009,72015,11
41752631222123,1654219,2269,1334,355,162321,64371,64378,11
41752632311123,1654507,2269,1343,361,177837,69189,69196,11
41752632312323,1654522,2269,1349,364,163448,58754,58761,11
41752632313211,1654527,2269,1344,366,613532,228449,228455,11
41756231321213,1656480,2272,1478,325,256422,93693,93700,11
41756233121231,1656806,2272,1464,343,200076,62244,62250,11
41762532221333,1658834,2275,1340,609,223347,80589,80596,11
41762533123331,1659014,2275,1329,620,205183,59662,59668,11
41765231233232,1660820,2278,1474,464,182177,60695,60701,11
41765322221312,1661748,2279,1605,474,165890,64040,64047,11
41765322313211,1661817,2279,1611,473,358048,129124,129131,11
41765323122212,1661916,2279,1596,481,174911,57368,57374,11
42136752131312,1664610,2283,1800,770,237774,77394,77402,11
42137561123333,1665089,2284,1793,656,224720,71105,71113,11
42137653122131,1666289,2285,1792,803,169982,54710,54716,11
42137653132121,1666315,2285,1801,802,143335,55669,55675,11
42157633231322,1670767,2291,1885,370,226138,77176,77183,11
42163751121212,1671627,2293,1819,732,261582,77103,77110,11
42165373223123,1672939,2294,1849,479,142185,42039,42044,11
42167532131333,1674818,2297,1883,609,244101,88722,88729,11
42315673112111,1680111,2304,2601,504,152610,61944,61949,11
42351671212211,1684083,2310,3414,354,220910,62576,62582,11
42351763231133,1685342,2311,3407,398,323397,108423,108430,11
42367153111121,1691767,2320,4221,747,156499,66547,66553,11
42367153211123,1691848,2320,4224,753,171798,64302,64308,11
42516372233111,1698966,2330,2667,204,214121,71765,71772,11
42561733323122,1707283,2341,3490,185,151312,46012,46018,11
42573612323231,1712876,2349,5083,230,188045,58403,58410,11
42573613322231,1713110,2349,5083,239,174305,49892,49898,11
42613572313211,1715034,2352,2644,576,196307,67523,67530,11
42615371313332,1716254,2354,2672,438,314743,106783,106790,11
42615372213311,1716414,2354,2667,447,250907,87971,87978,11
42615372221213,1716420,2354,2649,445,229057,78613,78620,11
42615372313211,1716492,2354,2670,444,255971,72575,72582,11
42651372213311,1723704,2364,3477,312,166248,66666,66673,11
42651733311122,1724734,2365,3490,315,209213,73130,73136,11
42673512232133,1730306,2373,5097,584,229710,75897,75903,11
42751632321233,1742018,2389,3500,362,222999,71289,71296,11
42751632323231,1742036,2389,3498,368,178164,61512,61519,11
43126572133313,1751379,2402,1941,632,240209,67745,67752,11
43167251232212,1761411,2416,2206,733,202727,70589,70596,11
43176252123131,1765928,2422,2202,765,169176,61206,61212,11
43176252311132,1766045,2422,2195,768,179961,62955,62961,11
43216573132121,1769104,2426,2742,642,149873,55865,55872,11
43216573132223,1769107,2426,2742,643,167987,52037,52044,11
43216573212311,1769136,2426,2737,641,164772,63828,63835,11
43216573212332,1769138,2426,2737,647,236836,90136,90142,11
43512671313332,1784780,2448,2888,218,189691,78415,78422,11
43527612312323,1793032,2459,5315,226,159949,53863,53869,11
43561271111111,1793340,2460,3807,162,180578,56198,56204,11
43571262122222,1797997,2466,3819,256,230346,66378,66386,11
43572161111111,1799172,2468,4617,243,215786,63572,63578,11
43572612312323,1800322,2469,5453,226,189152,67289,67295,11
43576211123222,1801408,2471,5574,193,200916,70050,70056,11
43576212112232,1801616,2471,5577,199,252330,97113,97120,11
43615271333312,1803786,2474,3017,440,170979,59868,59874,11
43615272113321,1803814,2474,3018,447,189895,67087,67094,11
43617521223221,1805863,2477,3151,571,248988,80754,80760,11
43621752213323,1807540,2479,3697,717,250008,75417,75424,11
43651722323132,1812017,2485,3947,313,181996,63970,63976,11
43675122222122,1818487,2494,4765,442,284521,89206,89213,11
43675211221331,1818971,2495,5569,439,190978,56896,56902,11
43721653231313,1825314,2503,3691,807,219410,66083,66090,11
43751623123313,1829598,2509,3966,375,221747,74387,74395,11
43765212222122,1836712,2519,5575,469,278212,89203,89210,11
45167323322231,1850162,2537,2414,52,182825,60311,60318,11
45176231131313,1853178,2542,2288,56,393880,150034,150042,11
45176231133113,1853190,2542,2288,54,392764,181612,181620,11
45176231331113,1853334,2542,2288,60,381361,145615,145621,11
45176233131113,1853658,2542,2288,72,404455,152533,152541,11
45176321131133,1853903,2543,2429,54,334572,126513,126520,11
45213672221123,1854928,2544,2757,94,212739,78321,78328,11
45273162222122,1869517,2564,4413,121,246711,75252,75259,11
45276131131133,1870670,2566,4454,54,292206,109149,109156,11
45312671222312,1872195,2568,2905,84,160260,57195,57202,11
45312672223331,1872449,2568,2914,95,178785,75621,75628,11
45312672233321,1872475,2568,2915,94,167270,64658,64665,11
45312672313211,1872498,2568,2910,96,525957,180342,180348,11
45312673132313,1872627,2568,2906,99,287266,87283,87289,11
45312673222112,1872675,2568,2899,102,159385,49684,49691,11
45312673231313,1872699,2568,2897,102,283501,80953,80960,11
45312761113211,1872822,2569,2910,108,183830,69557,69563,11
45312761133311,1872879,2569,2915,108,175508,59792,59799,11
45312762221111,1873152,2569,2890,120,215151,68736,68742,11
45312762311111,1873206,2569,2889,123,176259,60711,60718,11
45321671212211,1876539,2574,3711,84,192473,57617,57623,11
45321671221121,1876555,2574,3700,85,192343,59557,59563,11
45321673113311,1876956,2574,3723,99,319164,101358,101364,11
45327612222323,1880458,2579,5341,94,205430,61007,61014,11
45362712122222,1883290,2583,5467,37,243914,74438,74445,11
45367122223133,1884107,2584,4804,41,208810,93523,93531,11
45367211111132,1884467,2585,5604,27,185510,72734,72740,11
45367211211122,1884547,2585,5601,30,196362,60810,60816,11
45367213111133,1884953,2585,5613,45,199345,70189,70195,11
45376121131133,1888166,2590,4805,54,308934,112758,112765,11
45376121331311,1888332,2590,4781,62,226012,79174,79181,11
45376211333123,1889074,2591,5612,60,182946,63840,63846,11
45376213131323,1889386,2591,5612,74,290314,85123,85129,11
45376213333322,1889566,2591,5603,80,169491,72279,72286,11
45612371133221,1889644,2592,2938,2,192502,69556,69562,11
45612372331121,1890028,2592,2917,17,162509,61865,61871,11
45612373112231,1890068,2592,2930,18,166746,61104,61110,11
45612373132121,1890118,2592,2926,20,159149,59225,59231,11
45612373132223,1890121,2592,2929,20,175446,60522,60528,11
45612373322111,1890252,2592,2925,25,153948,54228,54234,11
45612373332122,1890280,2592,2926,26,164121,61353,61359,11
45612373332221,1890283,2592,2929,26,165453,61455,61461,11
45613271331221,1891246,2594,3055,8,187549,55507,55513,11
45613272233111,1891422,2594,3069,14,236256,77730,77737,11
45621373123331,1894481,2598,3752,19,206535,56280,56286,11
45621373211111,1894509,2598,3726,21,257860,90886,90893,11
45621732212123,1895005,2599,3758,12,215154,73281,73288,11
45621732233333,1895075,2599,3779,14,206205,78210,78217,11
45623712332123,1896598,2601,5367,17,151279,57403,57409,11
45623713322321,1896820,2601,5351,25,144943,48145,48151,11
45637123132121,1901782,2608,4816,20,166630,61318,61324,11
45637123332122,1901944,2608,4819,26,146033,52679,52685,11
45671231132231,1902758,2610,3903,2,148322,49754,49760,11
45671233112132,1903187,2610,3895,18,159464,61778,61784,11
45673212212132,1906670,2615,5658,12,191726,72578,72585,11
45673213211222,1906906,2615,5656,21,195867,81969,81976,11
45713623223132,1909865,2619,3207,104,157871,56603,56609,11
45721363321313,1912119,2622,3744,134,183436,68794,68801,11
45721363322231,1912127,2622,3740,132,177066,55491,55497,11
45732612233321,1918402,2631,5489,94,159556,55198,55204,11
45736121122211,1918767,2632,4807,55,259331,78095,78102,11
46123571111111,1924560,2640,1944,540,194115,64839,64845,11
46123573232123,1925191,2640,1965,562,237578,81968,81974,11
46125731333123,1926982,2643,2024,407,190745,80948,80955,11
46127351131313,1927536,2644,1989,681,239555,76238,76245,11
46127352131333,1927781,2644,1991,690,269371,89692,89699,11
46127353131323,1928023,2644,1990,699,289564,80833,80840,11
46135272133313,1930713,2648,2234,420,226123,73186,73193,11
46153273131131,1935308,2654,2265,288,273739,82222,82228,11
46157233333232,1936949,2656,2293,296,166983,56343,56350,11
46157321331233,1937174,2657,2429,272,199416,64551,64557,11
46215372121223,1943788,2666,2785,417,176675,65690,65696,11
46215372313211,1943940,2666,2799,419,306379,105793,105800,11
46257132211133,1954046,2680,4448,280,217447,88870,88878,11
46257313312211,1955109,2681,5238,293,340079,125537,125544,11
46273512122312,1957650,2685,5225,549,177092,62570,62577,11
46273513221212,1957962,2685,5224,559,168446,62762,62769,11
46275311123222,1958872,2687,5251,408,206576,87287,87294,11
46275312112232,1959080,2687,5249,417,259541,94190,94197,11
46275312132212,1959132,2687,5253,417,228901,81802,81809,11
46275312232133,1959212,2687,5264,415,201618,70950,70957,11
46275312313211,1959249,2687,5238,419,246431,72389,72396,11
46275313121222,1959340,2687,5251,426,212257,86146,86153,11
46275313312211,1959483,2687,5238,428,245273,85178,85184,11
46321752111131,1964900,2695,3699,684,187213,87001,87007,11
46352171211233,1969844,2702,4665,271,152838,59772,59778,11
46352172113231,1970024,2702,4665,285,141642,68904,68910,11
46372511221331,1974977,2709,5461,547,206806,61825,61832,11
46375211211332,1976408,2711,5604,412,153586,62272,62278,11
46375212113111,1976580,2711,5589,414,168633,74271,74277,11
46375212132131,1976627,2711,5597,414,153187,49888,49893,11
46375212132221,1976629,2711,5594,417,169019,65375,65381,11
46375212332222,1976791,2711,5603,419,165180,63132,63138,11
46375213112111,1976814,2711,5589,423,209226,85518,85524,11
46375213123121,1976851,2711,5593,423,190911,58740,58745,11
46375213333121,1977040,2711,5594,425,155412,55380,55386,11
46512371331221,1977268,2712,2920,143,201121,59005,59011,11
46512372113321,1977316,2712,2941,144,219018,72804,72811,11
46513272332111,1978974,2714,3060,152,161889,60801,60807,11
46513273113221,1979014,2714,3073,153,161233,59155,59161,11
46523711331332,1983833,2721,5357,143,192463,75688,75695,11
46527133111121,1984825,2722,4572,153,156657,58593,58599,11
46572311223122,1992484,2733,5518,139,205556,78857,78863,11
46572312132122,1992664,2733,5518,150,167677,69271,69278,11
46721533123313,2000184,2743,3779,558,213802,74020,74027,11
47123562232133,2012429,2760,1965,665,233826,87360,87367,11
47123651233232,2012927,2761,1969,788,173125,70636,70643,11
47126351233232,2015114,2764,1997,760,235763,74762,74769,11
47126532133133,2016002,2765,2024,636,197684,81284,81291,11
47132562311111,2016819,2766,2079,657,189234,61806,61812,11
47132563222331,2017025,2766,2095,672,252765,86787,86793,11
47132652233321,2017546,2767,2105,793,188597,71351,71358,11
47135622132332,2018915,2769,2371,503,176872,59602,59609,11
47136252133112,2019645,2770,2234,768,249678,103170,103178,11
47152361233232,2020946,2772,2129,385,156116,59579,59586,11
47152631322131,2021717,2773,2142,356,200662,59680,59686,11
47156231332313,2023935,2776,2288,329,201421,103573,103580,11
47156233211132,2024273,2776,2275,342,192592,65710,65717,11
47156233223312,2024322,2776,2278,350,166236,65040,65046,11
47156233233113,2024343,2776,2288,348,196285,91369,91376,11
47156233322312,2024394,2776,2278,347,159594,67725,67732,11
47156321111111,2024433,2777,2403,324,203005,55045,55050,11
47156321133311,2024511,2777,2421,332,205249,65563,65568,11
47156322132311,2024745,2777,2421,338,174081,67059,67064,11
47156322313232,2024861,2777,2408,340,160797,50841,50846,11
47156322332132,2024903,2777,2426,336,150081,48633,48638,11
47156322332312,2024907,2777,2424,338,156878,72914,72919,11
47156323223123,2025046,2777,2419,348,172980,60996,61001,11
47162351322122,2025361,2778,2116,733,175871,58613,58620,11
47163522131222,2027650,2781,2398,606,168344,56177,56183,11
47165321232113,2028951,2783,2427,460,228207,81330,81338,11
47165321322131,2029007,2783,2414,460,332070,114801,114808,11
47165322132212,2029116,2783,2424,472,228709,90469,90475,11
47165322133112,2029122,2783,2424,470,260981,99707,99715,11
47165322232133,2029196,2783,2429,469,196563,69837,69844,11
47165322313211,2029233,2783,2403,473,257093,73859,73866,11
47216352131333,2032757,2788,2789,773,274381,82912,82919,11
47251363131113,2038824,2796,3597,398,266168,79355,79362,11
47251632131312,2039316,2797,3643,360,227291,67430,67438,11
47256133212311,2041782,2800,4428,347,173657,61643,61649,11
47256133321232,2041880,2800,4450,343,171456,57978,57984,11
47265312122222,2046586,2807,5251,472,184451,69422,69428,11
47265312131312,2046606,2807,5253,474,192254,65582,65589,11
47265312313211,2046729,2807,5238,473,515742,179688,179695,11
47321651311133,2052299,2815,3699,791,192770,68363,68369,11
47352612123131,2058257,2823,5455,368,165587,54647,54653,11
47352612311132,2058374,2823,5463,362,170561,56921,56927,11
47352612313211,2058393,2823,5457,366,322362,125034,125040,11
47512632312323,2065678,2833,2960,226,163750,58006,58012,11
47621532232331,2087522,2863,3774,584,150166,49858,49864,11
47621533231121,2087749,2863,3753,590,156789,57807,57813,11
47632152233321,2092633,2870,4688,713,159409,51421,51427,11
47632153212311,2092812,2870,4678,720,195976,65368,65374,11
47632153232321,2092867,2870,4687,722,180340,61042,61048,11
47632513212332,2093543,2871,5497,591,252417,94023,94029,11
47652132231323,2096989,2876,4715,308,195644,58877,58883,11
47653213211231,2099363,2879,5650,315,244652,82826,82832,11
47653213232111,2099421,2879,5643,320,143198,53282,53288,11
51264731113322,2110480,2895,1054,3314,165785,58739,58745,11
51264732213311,2110803,2895,1062,3317,156329,53243,53249,11
51267342312233,2111603,2896,1046,4936,275875,86440,86447,11
51324671211122,2117098,2904,1116,3322,179876,59498,59504,11
51324672212111,2117349,2904,1119,3324,232421,78587,78593,11
51324673113311,2117526,2904,1113,3345,273900,85806,85812,11
51324761111123,2117746,2905,1107,3350,202386,75804,75811,11
51324763113332,2118257,2905,1113,3373,194924,58067,58073,11
51342672212111,2121723,2910,1251,2523,221813,68813,68819,11
51342763312223,2122780,2911,1263,2555,393225,162921,162928,11
51367241211113,2128761,2920,1386,4932,159082,57118,57124,11
51423671221331,2134628,2928,1145,1712,168300,64563,64570,11
51426731111111,2136699,2931,1188,1674,197900,66584,66590,11
51426733312211,2137359,2931,1209,1681,179575,58555,58561,11
51472361131313,2147694,2946,1302,1748,238920,80304,80312,11
51472633331312,2149071,2947,1348,1725,226716,73902,73910,11
51623471321111,2152197,2952,1152,4078,144012,56460,56466,11
51623743313321,2153410,2953,1160,4893,211634,67775,67783,11
51624731312123,2154367,2955,1211,3267,205173,77007,77014,11
51624733323113,2154888,2955,1214,3274,223678,81553,81559,11
51632741323232,2157323,2959,1292,4897,159904,61084,61090,11
51642371122313,2160798,2964,1302,2467,215115,87123,87130,11
51642731113322,2161510,2965,1330,2475,234700,82489,82495,11
51647231113232,2163695,2968,1465,2475,153859,52957,52963,11
51723643131311,2170779,2977,1136,4974,225655,74686,74693,11
51724362122222,2171245,2978,1165,3361,195418,55453,55459,11
51724363121213,2171478,2978,1161,3365,191893,68935,68942,11
51726433123313,2173686,2981,1196,4139,227647,68245,68252,11
51732643121213,2175123,2983,1272,4992,237947,77459,77467,11
51742632323231,2179436,2989,1344,2534,188143,69574,69580,11
51742632323333,2179439,2989,1349,2534,204252,73836,73843,11
52134761232113,2187873,3001,1804,3350,180605,64745,64751,11
52147631121311,2195052,3011,1872,2511,182814,67188,67195,11
52147631131211,2195076,3011,1881,2511,190887,71223,71230,11
52147631211131,2195102,3011,1866,2513,164242,52606,52613,11
52147631311121,2195182,3011,1869,2512,167715,57921,57928,11
52147632111113,2195262,3011,1865,2514,181471,67939,67946,11
52147633111112,2195505,3011,1864,2517,233935,86383,86390,11
52163471112122,2195758,3012,1809,4114,189894,58302,58308,11
52163471213111,2195847,3012,1812,4106,163107,56817,56823,11
52163471312111,2195919,3012,1815,4105,160924,60196,60202,11
52163471333123,2195983,3012,1833,4115,148825,59143,59149,11
52163472111311,2195997,3012,1811,4107,162505,61735,61741,11
52163472131222,2196049,3012,1828,4116,159686,69818,69824,11
52163473111211,2196237,3012,1810,4110,172249,62503,62509,11
52163473111331,2196242,3012,1811,4128,170196,55788,55794,11
52163473221323,2196349,3012,1823,4119,159583,49909,49915,11
52163473323332,2196449,3012,1826,4130,273860,78806,78812,11
52167342121232,2198939,3016,1847,4926,225483,79086,79093,11
52167432121313,2199669,3017,1874,4107,202795,86665,86672,11
52167432122222,2199676,3017,1873,4117,247708,76642,76649,11
52167432131213,2199693,3017,1883,4107,215706,88686,88693,11
52167433133333,2199959,3017,1883,4130,239478,77886,77893,11
52167433331333,2200103,3017,1889,4128,205459,69163,69170,11
52174633223123,2202922,3021,1877,3328,213206,61532,61538,11
52314673311311,2205150,3024,2598,3345,337776,106362,106368,11
52314761322122,2205424,3025,2608,3349,192036,61863,61869,11
52341671111111,2208870,3030,3402,2511,537872,183398,183404,11
52341671122211,2208909,3030,3412,2520,196538,66338,66344,11
52341671311313,2209038,3030,3426,2511,159586,55888,55894,11
52341672211112,2209194,3030,3405,2514,198425,77489,77495,11
52341672232313,2209263,3030,3425,2523,184374,57462,57468,11
52341672323222,2209324,3030,3418,2533,200850,68520,68526,11
52341672323312,2209326,3030,3427,2532,264008,77126,77132,11
52341673133111,2209428,3030,3404,2535,169339,55051,55057,11
52341673232213,2209503,3030,3416,2526,180687,50739,50745,11
52341673232333,2209508,3030,3425,2528,161131,48121,48127,11
52341673323212,2209566,3030,3418,2535,259325,84983,84989,11
52361472121313,2213520,3036,3421,4107,245674,93202,93208,11
52361472131312,2213547,3036,3422,4107,203091,72747,72753,11
52367142211121,2216485,3040,4224,4917,207576,74124,74131,11
52367412322232,2217335,3041,5038,4126,174226,55345,55351,11
52374161112323,2219092,3044,4221,3368,180062,61448,61454,11
52376413222223,2221870,3047,5044,4147,194735,51443,51449,11
52463173212332,2232782,3062,4289,1654,233100,96885,96892,11
52463713212332,2233511,3063,5090,1654,234030,99195,99202,11
52471631223113,2235969,3067,3488,1710,175367,70199,70205,11
52471631323112,2236050,3067,3490,1710,179825,63803,63809,11
52614372313211,2241372,3074,2670,3279,291160,84616,84623,11
52641733212311,2249547,3085,3504,2472,170378,54662,54669,11
52641733232321,2249602,3085,3504,2474,173452,52867,52873,11
52673413232123,2255428,3093,5097,4094,161883,46377,46383,11
52713461232323,2257135,3096,2633,4169,159753,52707,52713,11
52714361232113,2258586,3098,2658,3350,263902,85885,85892,11
52714633213223,2259760,3099,2696,3337,173246,57725,57731,11
52714633223123,2259784,3099,2696,3328,173464,58834,58840,11
52731641233112,2262240,3103,3434,4977,152622,52752,52758,11
52731641323112,2262294,3103,3437,4977,147108,49506,49512,11
52736141322233,2264477,3106,4264,4960,173260,65170,65177,11
52741362313211,2266158,3108,3471,2559,200065,69241,69248,11
52741362313223,2266159,3108,3472,2561,227750,83366,83373,11
52741632122333,2266748,3109,3503,2525,256209,83982,83988,11
52741632123323,2266756,3109,3503,2533,316416,116397,116403,11
52741632212213,2266797,3109,3497,2523,268042,72799,72805,11
52741632212231,2266799,3109,3495,2525,278671,68890,68896,11
52741632232211,2266851,3109,3495,2523,259747,67702,67708,11
52741633221233,2267060,3109,3497,2519,255673,73978,73984,11
52741633313312,2267133,3109,3508,2535,252195,66804,66810,11
52741633313321,2267134,3109,3507,2536,271868,65513,65519,11
52741633321223,2267140,3109,3500,2518,300679,96211,96218,11
52741633323311,2267160,3109,3507,2535,262782,68799,68805,11
52743611111213,2267922,3111,5095,2511,174385,62572,62578,11
52743611111312,2267925,3111,5087,2511,215416,79813,79819,11
52743611112131,2267930,3111,5076,2522,174250,65587,65593,11
52743611113121,2267938,3111,5076,2530,219124,73603,73609,11
52743612131111,2268216,3111,5076,2514,166114,68812,68819,11
52743613121111,2268432,3111,5076,2517,201177,86511,86518,11
52761431111213,2270838,3115,3494,4104,173064,62505,62511,11
52761431111312,2270841,3115,3502,4104,174253,61672,61678,11
52761431112131,2270846,3115,3483,4123,181308,62829,62835,11
52761431113121,2270854,3115,3483,4115,183756,69237,69243,11
52761432131111,2271132,3115,3483,4107,176510,78122,78129,11
52761433121111,2271348,3115,3483,4110,169523,68393,68400,11
52763143222331,2272175,3116,4289,4921,267780,98880,98886,11
52763411222312,2272416,3117,5090,4105,354796,115873,115880,11
52763411333123,2272528,3117,5100,4115,241440,74580,74586,11
52763413222112,2272896,3117,5088,4111,366940,118687,118694,11
52763413223312,2272911,3117,5090,4112,365953,110446,110453,11
52763413322312,2272983,3117,5093,4111,355171,108211,108217,11
53126471231231,2276078,3122,1936,4150,216365,87539,87545,11
53126471231321,2276080,3122,1936,4142,172890,62844,62850,11
53126471321321,2276134,3122,1928,4142,185064,67674,67680,11
53146272123233,2280605,3128,2202,2506,244517,87020,87027,11
53147262123131,2282060,3130,2202,2559,170205,64947,64953,11
53162743312223,2284618,3133,2057,4939,398529,148347,148354,11
53274163211222,2307127,3164,4357,3364,221536,70594,70601,11
53421671321111,2314035,3174,3674,1710,227602,88780,88786,11
53421671321231,2314040,3174,3683,1712,151654,56272,56278,11
53426171112233,2315318,3176,4503,1675,175444,69382,69389,11
53462711113322,2320432,3183,5442,1649,228643,87985,87992,11
53467211321111,2322054,3185,5564,1656,144735,52617,52623,11
53476121323112,2325717,3190,4757,1683,188895,61743,61749,11
53476121323322,2325724,3190,4766,1685,194586,64530,64536,11
53614721212121,2329246,3195,3142,3267,241131,72468,72475,11
53621471331221,2331562,3198,3683,4088,158354,56942,56948,11
53642171111111,2337174,3206,4617,2457,195206,60602,60608,11
53672142221213,2341902,3212,4621,4909,326293,98770,98777,11
53714622233111,2347047,3219,3151,3324,268423,73549,73556,11
53721463223312,2349456,3222,3697,4165,199823,62960,62967,11
53724612121112,2351295,3225,5301,3324,237360,78036,78044,11
53726143333121,2352475,3226,4499,4947,170689,52408,52414,11
53741621323112,2354148,3229,3947,2529,175289,59405,59411,11
53741621332112,2354166,3229,3947,2520,180803,68243,68249,11
53742612323333,2355857,3231,5453,2534,207534,67788,67795,11
53761242121211,2357859,3234,3816,4917,235373,73280,73287,11
53761242221213,2357940,3234,3817,4935,249225,80670,80677,11
53761242321212,2358021,3234,3818,4926,233585,83324,83331,11
53762143222331,2359655,3236,4642,4921,199190,58076,58082,11
53762413322123,2360458,3237,5447,4120,218293,67951,67958,11
54123673233323,2362606,3240,1970,907,190317,64254,64260,11
54126371331221,2363638,3242,1990,883,161021,65942,65949,11
54127632131213,2365905,3245,2018,894,231662,78092,78099,11
54127632222212,2365968,3245,2011,903,219782,72782,72789,11
54127633131212,2366148,3245,2017,897,231502,78763,78769,11
54127633133333,2366171,3245,2024,899,242643,91869,91876,11
54127633333313,2366331,3245,2024,915,225513,90123,90130,11
54163271133221,2372242,3254,2263,839,178533,78957,78964,11
54163272233111,2372562,3254,2259,851,232486,82228,82235,11
54167231121113,2373651,3256,2279,837,161823,61941,61947,11
54167231131112,2373678,3256,2287,837,164212,61684,61690,11
54167231221211,2373735,3256,2277,846,175146,52248,52254,11
54167231333213,2373861,3256,2288,857,162139,84409,84415,11
54167232112112,2373876,3256,2269,841,174081,53835,53841,11
54167232133313,2373945,3256,2288,842,184587,76821,76827,11
54167232333113,2374101,3256,2288,860,161191,76273,76279,11
54167233232333,2374262,3256,2294,853,207954,75126,75132,11
54167233331213,2374329,3256,2288,861,183483,85455,85461,11
54172633132313,2376366,3259,2159,897,226727,80378,80385,11
54217362233213,2382771,3268,2805,932,374016,117483,117491,11
54217632132212,2383410,3269,2824,894,334497,101580,101587,11
54231671123111,2383875,3270,3569,891,173710,65452,65458,11
54231673123121,2384362,3270,3569,898,152138,47168,47174,11
54261373123121,2388736,3276,3595,845,165038,51146,51152,11
54261732231233,2389316,3277,3635,849,204059,67013,67020,11
54276132233312,2395896,3286,4435,878,198608,65366,65373,11
54312671131331,2397014,3288,2897,893,170773,52507,52513,11
54312672212111,2397285,3288,2898,903,186833,58835,58841,11
54312673311311,2397606,3288,2895,915,317631,94887,94893,11
54317261113112,2399886,3292,3042,919,152787,65631,65637,11
54317621111222,2400601,3293,3162,892,200261,69521,69528,11
54321672212213,2401662,3294,3711,903,270981,93693,93700,11
54321672212231,2401664,3294,3711,905,253725,81600,81606,11
54321672232211,2401716,3294,3713,903,265146,78540,78547,11
54321673313312,2401998,3294,3723,915,384160,126532,126539,11
54321673313321,2401999,3294,3723,916,394951,118117,118124,11
54321673323311,2402025,3294,3724,915,393478,117985,117991,11
54321761211221,2402140,3295,3708,927,165750,52806,52812,11
54321763113113,2402559,3295,3705,926,224167,74095,74101,11
54326171111231,2402789,3296,4527,865,225457,102805,102811,11
54326171112233,2402798,3296,4530,865,159893,58529,58535,11
54326171321231,2402978,3296,4528,883,162536,60314,60320,11
54326711112212,2403525,3297,5331,865,207320,70592,70599,11
54327612223232,2405345,3299,5335,905,181243,65320,65326,11
54361272223232,2406074,3300,3850,851,184772,60092,60099,11
54362171113133,2407178,3302,4662,839,192494,72980,72987,11
54362711111231,2407892,3303,5457,837,153991,70555,70561,11
54362711323112,2408094,3303,5464,857,188010,72216,72222,11
54367121112212,2408628,3304,4782,838,228696,73584,73590,11
54367121113211,2408637,3304,4779,839,188595,69897,69903,11
54367121113331,2408642,3304,4797,839,260684,88484,88490,11
54367122211121,2408941,3304,4788,849,209094,72522,72528,11
54367122311111,2409021,3304,4779,858,188860,65752,65758,11
54367123311113,2409264,3304,4785,861,188135,61301,61307,11
54367211132222,2409412,3305,5603,838,255376,85714,85721,11
54367211213333,2409452,3305,5613,848,318978,104313,104319,11
54367211222132,2409464,3305,5605,847,260351,67886,67892,11
54367211333213,2409582,3305,5609,857,277243,89155,89162,11
54367212211322,2409676,3305,5601,849,317040,118380,118387,11
54367212231122,2409724,3305,5603,849,270045,95085,95092,11
54367212233213,2409744,3305,5609,851,259636,76702,76709,11
54367212332213,2409816,3305,5609,859,266719,74626,74632,11
54367212333113,2409822,3305,5609,860,279691,87745,87752,11
54367213112222,2409844,3305,5601,844,300934,102244,102251,11
54367213312133,2410004,3305,5613,862,294754,97324,97331,11
54371261113331,2410100,3306,3858,918,196938,64524,64531,11
54371621113112,2410821,3307,3972,891,230869,117451,117457,11
54371621113322,2410828,3307,3990,892,158334,57168,57174,11
54376121322233,2413193,3310,4804,883,184861,72733,72740,11
54376211111132,2413721,3311,5604,864,189951,72885,72891,11
54376211111222,2413723,3311,5601,865,175164,70482,70488,11
54376211113133,2413739,3311,5613,864,198125,71309,71315,11
54612371112311,2414463,3312,2931,810,281023,107287,107294,11
54612372222131,2414810,3312,2927,823,207174,55773,55779,11
54612732112223,2415433,3313,2957,813,195764,78506,78513,11
54612733322213,2415864,3313,2957,835,198359,73916,73922,11
54621371133311,2418900,3318,3750,812,182770,62398,62404,11
54621372211121,2419147,3318,3727,822,199975,69583,69589,11
54637211132111,2426904,3329,5617,812,154495,57211,57217,11
54671232221213,2427924,3330,3899,823,210468,75465,75472,11
54712361323313,2432157,3336,2940,938,199623,80946,80954,11
54712362223322,2432320,3336,2941,931,209524,68320,68327,11
54716232222113,2435220,3340,3089,876,207284,76706,76713,11
54716321112323,2435605,3341,3229,866,200636,75374,75380,11
54716322313223,2436016,3341,3238,886,165638,63272,63278,11
54721631111111,2437047,3343,3753,891,639792,238434,238440,11
54721631122121,2437084,3343,3756,892,187448,63560,63566,11
54721631311133,2437211,3343,3755,911,177835,63379,63385,11
54721632133232,2437367,3343,3769,896,173385,56487,56493,11
54721632212222,2437384,3343,3766,904,185010,71016,71022,11
54721632212231,2437385,3343,3765,905,161305,52915,52921,11
54721633231322,2437675,3343,3772,907,172124,54602,54608,11
54721633313321,2437720,3343,3777,916,185040,55614,55620,11
54721633333331,2437775,3343,3777,917,162569,53039,53045,11
54723612131312,2438808,3345,5357,894,250354,99016,99023,11
54723612221222,2438860,3345,5356,904,204856,71836,71843,11
54723612222212,2438868,3345,5359,903,209757,73638,73644,11
54723613121312,2439024,3345,5357,897,230249,92531,92538,11
54723613333313,2439231,3345,5372,915,232562,73445,73451,11
54761233322321,2445757,3354,3909,862,178969,62821,62828,11
54763212322232,2449157,3359,5659,859,170147,52478,52484,11
56123471222312,2449563,3360,1958,4051,248675,73451,73457,11
56123471223221,2449570,3360,1960,4060,236032,75673,75680,11
56123471331332,2449664,3360,1964,4070,302160,115125,115132,11
56123471333123,2449675,3360,1968,4061,259495,74641,74647,11
56123472322121,2449882,3360,1956,4064,249588,75894,75900,11
56123472331331,2449907,3360,1964,4073,234192,105678,105686,11
56123473133132,2450000,3360,1968,4074,275749,88165,88171,11
56123473133231,2450003,3360,1969,4074,232120,80995,81002,11
56123473222112,2450043,3360,1956,4057,239948,71840,71846,11
56123473223312,2450058,3360,1961,4057,239349,66813,66819,11
56123473322312,2450130,3360,1958,4058,248169,66933,66939,11
56124371111231,2450903,3362,1973,3249,150226,53368,53374,11
56124371232323,2451049,3362,1993,3259,206514,68334,68340,11
56127433332323,2453803,3365,2021,4067,184186,63199,63205,11
56132472333332,2454299,3366,2105,4073,187245,69237,69244,11
56132473211111,2454381,3366,2079,4057,181745,58322,58328,11
56132473213211,2454402,3366,2084,4057,181750,50995,51001,11
56143273332323,2460364,3374,2264,2447,227404,72673,72679,11
56147231222132,2461223,3376,2284,2440,402607,124744,124750,11
56147231333213,2461341,3376,2288,2450,250041,98931,98938,11
56147232233213,2461503,3376,2288,2452,260568,100806,100813,11
56147232332213,2461575,3376,2288,2444,269355,104265,104272,11
56147232333113,2461581,3376,2288,2453,260880,126441,126449,11
56147322333233,2462315,3377,2429,2453,233180,88088,88095,11
56173421113112,2464767,3381,2379,4050,152394,63198,63204,11
56174232323333,2465936,3382,2285,3263,205798,69460,69467,11
56174321232113,2466351,3383,2427,3241,252814,94960,94968,11
56213471111111,2466936,3384,2754,4050,208861,66823,66829,11
56213743313333,2468339,3385,2774,4886,245006,76706,76714,11
56243173133111,2477700,3398,4407,2454,223181,65321,65328,11
56243713121333,2478392,3399,5234,2436,228518,72887,72894,11
56247132333233,2479082,3400,4454,2453,188036,71882,71889,11
56271433111313,2481279,3403,3638,4056,250899,89772,89779,11
56271433123313,2481324,3403,3641,4056,244602,82749,82756,11
56271433132313,2481342,3403,3644,4056,257208,89967,89974,11
56274132331133,2483435,3406,4454,3245,199566,66726,66733,11
56274312313211,2484129,3407,5238,3254,292318,98986,98993,11
56321473233323,2489452,3414,3725,4066,166672,53497,53503,11
56321742211112,2489859,3415,3699,4873,248600,92501,92507,11
56324171221331,2490380,3416,4528,3259,163223,66080,66087,11
56327411211332,2492540,3419,5328,4069,164571,74787,74794,11
56327413213112,2493036,3419,5334,4057,162610,54409,54415,11
56341273121213,2493696,3420,3844,2436,238308,96228,96234,11
56341273131212,2493723,3420,3845,2436,213699,80445,80451,11
56347122333233,2496578,3424,4805,2453,213830,78611,78618,11
56347211213111,2496924,3425,5589,2449,168506,69002,69008,11
56347211222132,2496944,3425,5605,2440,172212,64284,64290,11
56347211312111,2496996,3425,5589,2441,159573,65481,65487,11
56347211331131,2497043,3425,5597,2432,155141,45074,45079,11
56347212111221,2497072,3425,5592,2433,280541,94673,94679,11
56347212111311,2497074,3425,5589,2433,211893,94611,94617,11
56347212123233,2497118,3425,5614,2451,194639,60527,60533,11
56347212232223,2497216,3425,5612,2443,187152,55032,55038,11
56347213111211,2497314,3425,5589,2436,202980,104370,104376,11
56347213131332,2497373,3425,5606,2436,178023,65631,65637,11
56423171231231,2507900,3440,4555,1639,149729,61475,61481,11
56423171231321,2507902,3440,4547,1639,182796,68658,68664,11
56423171321321,2507956,3440,4547,1631,164828,59048,59054,11
56423172112121,2508013,3440,4548,1623,187905,69597,69603,11
56423173132121,2508310,3440,4548,1644,169796,63692,63698,11
56423173133111,2508318,3440,4542,1644,186154,58198,58204,11
56432713122122,2513386,3447,5491,1635,195008,69416,69423,11
56712341232113,2519568,3456,2925,4879,170519,55163,55169,11
56712343211123,2519992,3456,2917,4885,187138,65326,65332,11
56721343123331,2524337,3462,3752,4866,201259,61021,61028,11
56721432312233,2524946,3463,3767,4073,234407,79337,79344,11
56723411113313,2526009,3465,5372,4050,173243,61781,61787,11
56723411121113,2526012,3465,5364,4050,176100,59910,59916,11
56723411131112,2526039,3465,5355,4050,161607,67617,67623,11
56723411222312,2526108,3465,5360,4051,158250,59622,59628,11
56723412122312,2526270,3465,5360,4053,155165,55361,55367,11
56723412323222,2526439,3465,5362,4064,169810,65146,65152,11
56723413221212,2526582,3465,5356,4057,163667,60257,60263,11
56723413222112,2526588,3465,5358,4057,161079,60441,60447,11
56723413331111,2526687,3465,5346,4058,163901,50453,50459,11
56732143122113,2530152,3470,4672,4884,226021,74233,74239,11
56741231121311,2532579,3474,3906,2430,170569,57763,57770,11
56741231131211,2532603,3474,3897,2430,221251,78505,78512,11
56741231211131,2532629,3474,3894,2431,214852,76522,76529,11
56741231311121,2532709,3474,3891,2432,164428,53734,53741,11
56741232111113,2532789,3474,3890,2433,188225,73589,73596,11
56741233111112,2533032,3474,3889,2436,186019,70945,70952,11
56743212122222,2536474,3479,5656,2442,205512,68751,68757,11
56743212221222,2536546,3479,5656,2434,243724,86806,86813,11
56743213121213,2536707,3479,5662,2436,254154,89013,89019,11
56743213121312,2536710,3479,5654,2436,220866,82011,82017,11
56743213331333,2536901,3479,5669,2438,240091,78733,78740,11
57123461111111,2536920,3480,1944,4158,198271,65089,65095,11
57164322131312,2553990,3503,2424,3315,184852,74854,74861,11
57214361323232,2556086,3506,2804,3358,153490,58516,58522,11
57214632212213,2556939,3507,2819,3333,332279,120743,120750,11
57236141113232,2561729,3514,4394,4951,167480,62612,62618,11
57236141322233,2561909,3514,4396,4960,162674,57170,57176,11
57236141323232,2561918,3514,4397,4951,237823,100267,100273,11
57241631322113,2564091,3517,3623,2520,147804,54330,54336,11
57241631323112,2564100,3517,3622,2529,143238,47706,47712,11
57246131112233,2566094,3520,4448,2494,185281,80554,80562,11
57264132111323,2570704,3526,4439,3315,206482,81880,81887,11
57321641311112,2577177,3535,3699,4977,171622,76894,76900,11
57321642311132,2577422,3535,3699,4982,172271,69443,69449,11
57364212213311,2589027,3551,5589,3317,232877,93845,93852,11
57364212313211,2589105,3551,5589,3308,196678,69142,69149,11
57364213332122,2589391,3551,5603,3301,154142,61985,61992,11
57642311113322,2622238,3597,5524,2475,172035,60513,60519,11
61234572231323,2624785,3600,987,3802,189306,68250,68257,11
61234573232213,2625033,3600,988,3791,170630,56714,56721,11
61235741313131,2626769,3603,992,5400,298990,94015,94022,11
61257343232123,2636695,3616,1042,5288,169911,61305,61311,11
61274351313131,2639162,3620,1046,3915,226865,73964,73971,11
61274532231323,2640094,3621,1070,3802,186468,65553,65560,11
61352472233321,2651047,3636,1259,4471,159241,51679,51685,11
61352472313211,2651070,3636,1263,4462,315243,131685,131691,11
61452731311313,2669037,3661,1349,1890,232898,85700,85707,11
61453721111111,2670327,3663,1566,1890,204172,57268,57274,11
61453721311112,2670489,3663,1587,1890,164538,63990,63996,11
61453723111121,2670814,3663,1566,1892,162475,50743,50749,11
61472532123332,2673539,3667,1330,2176,181917,66987,66993,11
61472533112111,2673738,3667,1323,2162,154012,49684,49690,11
61527431111111,2680533,3677,1188,4320,213375,62691,62697,11
61534272311132,2683127,3680,1428,3511,212213,74384,74391,11
61534721112311,2683464,3681,1540,3528,183314,57116,57122,11
61534721113211,2683470,3681,1541,3519,172861,50815,50821,11
61543271111111,2687094,3686,1431,2700,223951,68101,68107,11
61543271112311,2687109,3686,1433,2709,189460,66352,66358,11
61572432312323,2691160,3691,1349,4330,173200,68698,68705,11
61734523222331,2701556,3705,1549,3806,235757,88190,88197,11
62134572321323,2712319,3720,1797,3802,225517,70069,70076,11
62135471122121,2713375,3722,1792,4599,185412,58032,58038,11
62135472132131,2713646,3722,1801,4609,159819,67461,67467,11
62135473122131,2713862,3722,1792,4610,154474,56308,56314,11
62135473123121,2713870,3722,1793,4601,201754,69346,69352,11
62135473131131,2713880,3722,1800,4610,185225,66113,66119,11
62135473132121,2713888,3722,1801,4601,181171,61519,61525,11
62135473232231,2713973,3722,1804,4613,170550,61446,61452,11
62135473322321,2714029,3722,1798,4607,181844,63632,63638,11
62135743222331,2714678,3723,1795,5408,188250,51504,51510,11
62135743312223,2714728,3723,1789,5423,314983,102946,102953,11
62147353123121,2719702,3730,1846,3125,173608,60202,60208,11
62147353132121,2719720,3730,1855,3116,146796,46860,46866,11
62154733321121,2723491,3735,1878,3647,155057,50471,50477,11
62157342132212,2723853,3736,1854,5278,220205,74672,74679,11
62173543232132,2726363,3739,1830,5552,170940,58752,58758,11
62174351122133,2726498,3740,1847,3921,238383,72753,72760,11
62174533311212,2727840,3741,1870,3791,215469,59862,59869,11
62317453112111,2732787,3748,2601,4727,150892,59152,59158,11
62317453312211,2732952,3748,2607,4727,243031,79657,79663,11
62351743112123,2739349,3757,3402,5288,278952,118332,118338,11
62371453311311,2743152,3762,3426,4727,209189,61115,61122,11
62374511322311,2744889,3765,5029,3798,147584,44576,44582,11
62374513112321,2745187,3765,5022,3803,173760,71478,71484,11
62374513312112,2745342,3765,5037,3782,141033,52815,52821,11
62435172211133,2753030,3776,4260,2026,253833,95475,95482,11
62435172311132,2753111,3776,4263,2026,272514,96042,96049,11
62435711222222,2753554,3777,5062,2037,170663,52376,52382,11
62453713311122,2758456,3783,5091,1892,215282,79217,79223,11
62471532232133,2761112,3787,3488,2185,178095,62850,62856,11
62475131322323,2763115,3790,4310,2040,171794,52151,52157,11
62531472321233,2769179,3798,3444,4342,189416,67043,67050,11
62543711211113,2775384,3807,5097,2700,185626,57622,57628,11
62543711311112,2775465,3807,5091,2700,156729,58809,58815,11
62571432321233,2778656,3811,3500,4342,232268,84788,84795,11
62735143223213,2789769,3826,4244,5423,208160,69731,69737,11
63125741112323,2801563,3843,1920,5424,314617,97651,97658,11
63125743131233,2802092,3843,1935,5423,167162,68276,68283,11
63125743133312,2802111,3843,1941,5417,177093,55734,55740,11
63142571111111,2803734,3846,2052,2970,193439,62981,62987,11
63142571132321,2803804,3846,2076,2982,268976,121616,121622,11
63142573112123,2804230,3846,2052,2984,261392,103430,103436,11
63172452312323,2812903,3858,2060,4741,155890,57052,57058,11
63172452313211,2812908,3858,2057,4726,320754,118650,118656,11
63174522332132,2815139,3861,2345,3787,170027,60494,60501,11
63247511123132,2824922,3875,5169,2994,159640,62632,62638,11
63251743133231,2826896,3877,3552,5273,240528,85659,85666,11
63452711311313,2845455,3903,5453,1890,184987,72895,72901,11
63452712333221,2845768,3903,5432,1915,174478,54712,54718,11
63471522123131,2848493,3907,3942,2176,196553,71957,71963,11
63471522323132,2848655,3907,3947,2176,215470,79126,79132,11
63471522332132,2848673,3907,3947,2185,175949,62525,62531,11
63472512123332,2849957,3909,5442,2176,193574,67880,67887,11
63512743313333,2853251,3913,2888,5150,250188,80760,80768,11
63541271212211,2860689,3924,3817,2709,295226,94796,94803,11
63542713121333,2863304,3927,5451,2705,274498,82582,82590,11
63574212123131,2868905,3935,5568,3514,168889,51667,51673,11
63574212313211,2869041,3935,5564,3520,273530,90356,90362,11
63712542221111,2870424,3937,2863,5536,181907,59096,59103,11
63714252123131,2871092,3938,3021,3916,212021,75128,75135,11
63714521112323,2871547,3939,3147,3801,205652,68450,68456,11
63714522332132,2872001,3939,3146,3787,155509,51499,51505,11
63721541233322,2874607,3943,3697,5547,177071,56978,56984,11
63724153121213,2875692,3944,4482,3932,245116,80452,80459,11
63725141112323,2876650,3946,4494,5424,302564,92384,92391,11
63725141233121,2876788,3946,4498,5400,204952,65833,65840,11
63725142123131,2876924,3946,4506,5401,276978,94140,94147,11
63725142223133,2877005,3946,4507,5419,250527,90243,90250,11
63725143122113,2877156,3946,4485,5420,230227,77026,77033,11
63725143123313,2877171,3946,4488,5426,323670,108945,108952,11
63741252222323,2878459,3948,3829,3121,192120,63885,63891,11
63741522123131,2879111,3949,3942,2995,198252,64974,64980,11
63742511232221,2880427,3951,5431,2982,196197,62859,62866,11
63745123122212,2881533,3952,4755,2849,167859,59889,59896,11
63751242221321,2882824,3954,3829,5266,234337,67636,67642,11
63751423122311,2883723,3955,3960,4460,206799,63747,63754,11
63752141111111,2883924,3956,4617,5265,251637,76887,76892,11
63752141122211,2883963,3956,4620,5268,211743,70239,70244,11
63752141123213,2883972,3956,4620,5289,165708,58488,58493,11
63752142332132,2884394,3956,4637,5278,152988,60018,60023,11
63752143123223,2884459,3956,4629,5291,160314,60858,60863,11
63752143212323,2884507,3956,4633,5288,157096,59764,59769,11
63752143223123,2884537,3956,4627,5291,184302,64362,64367,11
63752411223212,2884782,3957,5440,4461,161046,64716,64723,11
63752411333213,2884890,3957,5450,4461,271433,84086,84092,11
63752412312323,2885074,3957,5453,4468,210041,85001,85008,11
63752412322112,2885094,3957,5438,4459,168564,62943,62949,11
63752412333113,2885130,3957,5447,4462,270749,88211,88218,11
63754213122122,2886634,3959,5574,3650,176161,61930,61936,11
64125371131313,2888358,3962,1989,1221,276851,100094,100101,11
64157321133212,2899308,3977,2424,1086,367497,137655,137662,11
64231572311132,2909117,3990,3564,1375,202425,71772,71779,11
64257131113223,2916022,4000,4439,1086,179478,75012,75019,11
64271533221212,2918784,4003,3631,1361,190859,61271,61278,11
64275131212223,2920468,4006,4439,1227,215333,67994,68000,11
64275131312123,2920546,4006,4439,1233,207955,71692,71698,11
64275132211133,2920700,4006,4448,1225,257190,109824,109831,11
64275132232133,2920763,4006,4454,1225,248946,97422,97429,11
64275133231112,2920995,4006,4435,1226,235591,66451,66458,11
64275133312211,2921034,4006,4428,1238,198152,68756,68763,11
64275311112332,2921120,4007,5249,1221,190009,73141,73148,11
64275311222222,2921224,4007,5251,1227,164646,56745,56751,11
64275313312211,2921763,4007,5238,1238,175602,72678,72685,11
64321572111131,2926451,4014,3699,1357,211138,104590,104596,11
64321572132131,2926514,4014,3704,1357,175421,66947,66953,11
64321572311132,2926613,4014,3699,1375,196724,86090,86096,11
64325713121222,2928910,4017,5329,1220,350358,112533,112540,11
64351272132131,2930888,4020,3842,1084,175961,61259,61265,11
64357212313211,2934651,4025,5589,1105,202126,76240,76247,11
64357213231322,2934853,4025,5603,1091,244445,77237,77244,11
64357213312211,2934885,4025,5589,1103,223343,91121,91128,11
64531271212211,2948169,4044,3871,954,285562,85396,85402,11
64531272132131,2948384,4044,3868,952,160723,64117,64123,11
64531273122131,2948600,4044,3868,950,157506,57222,57228,11
64531273123121,2948608,4044,3866,950,206376,68112,68118,11
64531273311311,2948730,4044,3879,965,172825,60487,60493,11
64531273312211,2948736,4044,3871,965,160693,61711,61717,11
64572131122223,2953948,4052,4712,948,175028,61712,61719,11
64713253112111,2958777,4058,3060,1487,150357,51483,51489,11
65123471112311,2974335,4080,1949,4185,169832,56390,56397,11
65123471233232,2974478,4080,1969,4206,147207,54591,54597,11
65123472312311,2974740,4080,1949,4192,176506,60574,60581,11
65132471212112,2978784,4086,2080,4188,183528,59394,59401,11
65132471222111,2978811,4086,2089,4188,177411,49377,49384,11
65132471231321,2978836,4086,2103,4197,204193,70345,70352,11
65132471323121,2978902,4086,2090,4200,196633,67426,67432,11
65132472131231,2978996,4086,2100,4204,159837,72513,72520,11
65132472212231,2979032,4086,2083,4207,264814,86533,86539,11
65132472233321,2979097,4086,2105,4198,209540,79268,79275,11
65132473111331,2979188,4086,2085,4205,204236,63995,64001,11
65132473313312,2979366,4086,2087,4193,166033,51892,51898,11
65132473323311,2979393,4086,2096,4193,169861,51583,51590,11
65132741223323,2979556,4087,2096,5016,165401,47387,47393,11
65132743222331,2980034,4087,2095,5000,207206,71204,71210,11
65134721233232,2981039,4089,2372,3387,186694,64201,64206,11
65147321232113,2986857,4097,2427,2577,239234,82589,82596,11
65172431132333,2988242,4099,2159,4203,202149,70974,70980,11
65174232123131,2990648,4102,2283,3376,175994,57260,57267,11
65174232133313,2990679,4102,2288,3394,174738,94224,94231,11
65174232323312,2990814,4102,2278,3400,194062,66160,66167,11
65174233323212,2991054,4102,2278,3392,192868,68296,68303,11
65174233331213,2991063,4102,2288,3392,183633,81453,81460,11
65174322313211,2991513,4103,2403,3391,188545,60193,60199,11
65174323223123,2991700,4103,2419,3380,184566,69210,69216,11
65213741111111,2992545,4105,2754,4995,206226,59382,59388,11
65241371111111,3000564,4116,3591,2565,197769,68931,68937,11
65243712121322,3003028,4119,5225,2566,261111,80106,80113,11
65271341332331,3005171,4122,3617,5001,192186,67659,67666,11
65271432231233,3006050,4123,3635,4207,196465,57448,57454,11
65274131111111,3007854,4126,4428,3375,232810,64354,64359,11
65274131311313,3008022,4126,4430,3399,161266,58684,58689,11
65274131312213,3008028,4126,4430,3390,181883,69773,69778,11
65274132123332,3008150,4126,4450,3394,175288,63628,63633,11
65274133132223,3008407,4126,4445,3386,174352,51370,51375,11
65274133232321,3008491,4126,4443,3398,157122,50286,50291,11
65274133312223,3008515,4126,4439,3392,170990,65036,65041,11
65314272311132,3011177,4130,3030,3382,162205,55705,55711,11
65314272313211,3011196,4130,3042,3391,270065,90365,90371,11
65321472111122,3013930,4134,3699,4195,207335,85823,85830,11
65417321232113,3030597,4157,3228,1776,168844,59806,59812,11
65417323223123,3031066,4157,3238,1769,155352,61950,61956,11
65417323232123,3031084,4157,3229,1778,168655,67339,67345,11
65423713321322,3034051,4161,5357,1772,187899,66726,66732,11
65432173232321,3037651,4166,4687,1778,183699,71445,71452,11
65471231132213,3039996,4170,3899,1773,220201,71107,71113,11
65714323223123,3048562,4181,3238,3380,180216,76137,76144,11
65723143321313,3050817,4184,4538,5021,168252,63237,63243,11
65732411333123,3055474,4191,5501,4200,358495,109723,109729,11
65742311212313,3059709,4197,5532,2577,165125,66485,66491,11
67132541133311,3066981,4207,2105,5535,293242,96160,96167,11
67145323133312,3074757,4217,2424,2861,184555,74245,74252,11
67154233323332,3078539,4222,2284,3671,272115,83571,83577,11
67215343333133,3082934,4228,2807,5420,227625,74922,74929,11
67231541323112,3084606,4231,3569,5544,214553,71873,71879,11
67231543323122,3085093,4231,3569,5549,215372,71666,71672,11
67234513332122,3086569,4233,5200,3785,168261,55260,55267,11
67245131313323,3091147,4240,4439,2859,175415,76067,76074,11
67245311112311,3091704,4241,5238,2850,259534,93796,93803,11
67245311133233,3091766,4241,5264,2856,209613,63726,63732,11
67254311131133,3096119,4247,5264,3645,281835,107001,107007,11
67254313311113,3096711,4247,5256,3647,174553,62209,62215,11
67312452233321,3097195,4248,2915,4735,179254,67036,67043,11
67312541121221,3097552,4249,2893,5538,174331,49060,49066,11
67312542221111,3097872,4249,2890,5536,222530,72392,72399,11
67321451111123,3101167,4254,3699,4740,168444,72030,72036,11
67321451112311,3101181,4254,3720,4725,181011,59985,59991,11
67321451212211,3101259,4254,3711,4725,293490,95106,95112,11
67321451311133,3101330,4254,3699,4749,188423,86597,86603,11
67321452111122,3101410,4254,3699,4738,175284,78552,78558,11
67321453113311,3101676,4254,3723,4727,196496,69392,69398,11
67321542232133,3102284,4255,3704,5560,185862,65145,65151,11
67341252222323,3105907,4260,3856,3121,197637,60183,60189,11
67342512222113,3108087,4263,5473,2980,199043,56030,56036,11
67345122223133,3108827,4264,4804,2854,260076,100194,100201,11
67345122232133,3108845,4264,4805,2845,250941,85977,85984,11
67345211111123,3109186,4265,5610,2835,168128,54104,54110,11
67345211111132,3109187,4265,5604,2835,181374,71046,71052,11
67345211112233,3109199,4265,5613,2847,174678,72810,72816,11
67345211113322,3109210,4265,5601,2859,169341,70179,70185,11
67345211211122,3109267,4265,5601,2835,188025,68793,68799,11
67345211311133,3109349,4265,5613,2835,185280,68880,68886,11
67345212111122,3109429,4265,5601,2836,169930,73174,73180,11
67345213111133,3109673,4265,5613,2837,200040,78090,78096,11
67354121111111,3112830,4270,4779,3645,194433,64281,64288,11
67354211212121,3113650,4271,5592,3648,191067,55026,55032,11
67354211313113,3113739,4271,5607,3651,279005,88208,88214,11
67354211333111,3113793,4271,5591,3651,277898,86129,86135,11
67354212111221,3113806,4271,5592,3655,193303,64228,64234,11
67354212212222,3113896,4271,5601,3658,181374,78576,78583,11
67354212311132,3113966,4271,5604,3646,183452,70562,70569,11
67354213111313,3114051,4271,5607,3665,223355,66362,66368,11
67354213131311,3114105,4271,5591,3665,213095,62210,62216,11
67354213211132,3114128,4271,5604,3647,181032,70764,70771,11
67354213313333,3114233,4271,5613,3671,182355,72165,72172,11
67412353132121,3114838,4272,2926,2315,210263,73499,73505,11
67412353332221,3115003,4272,2929,2315,163811,56477,56483,11
67412531131133,3115073,4273,2945,2184,200448,62265,62271,11
67435121332112,3126177,4288,4810,2043,151743,45465,45470,11
67435123123121,3126484,4288,4817,2036,152481,45267,45272,11
67452313321232,3130277,4293,5522,1901,215441,66284,66290,11
71234563231322,3149908,4320,987,3910,202464,64107,64114,11
71263541333222,3163369,4339,1024,5630,256403,116837,116843,11
71263542323123,3163582,4339,1020,5639,258923,104165,104171,11
71264533131323,3165136,4341,1061,3882,259822,73408,73414,11
71264533221323,3165190,4341,1067,3882,256308,66954,66960,11
71264533231223,3165214,4341,1070,3873,300078,81165,81172,11
71264533231313,3165216,4341,1070,3879,273615,75714,75721,11
71326451211311,3169779,4348,1116,4835,168218,62906,62912,11
71326453132121,3170242,4348,1112,4842,164405,52433,52439,11
71326543333313,3171147,4349,1133,5663,243239,74555,74562,11
71345262132131,3172916,4352,1385,2952,189744,57894,57899,11
71362453113311,3180408,4362,1248,4808,199928,61790,61797,11
71365423331312,3184251,4367,1535,4677,230272,70633,70640,11
71423563213232,3184862,4368,1150,2275,189259,55873,55879,11
71423653213232,3185591,4369,1150,2408,177626,66224,66230,11
71426353312211,3187848,4372,1182,2377,189336,75840,75847,11
71426533333223,3188641,4373,1214,2263,213962,70154,70160,11
71432561232323,3188797,4374,1285,2291,191297,70661,70666,11
71432561323232,3188858,4374,1292,2284,149152,58270,58275,11
71432562111221,3188893,4374,1272,2271,178313,66605,66610,11
71432563232213,3189279,4374,1282,2288,189898,61510,61515,11
71432563323113,3189339,4374,1289,2279,160692,59574,59579,11
71432563323122,3189340,4374,1289,2281,172432,63040,63045,11
71432563332113,3189357,4374,1288,2288,161979,58161,58166,11
71435261322233,3190307,4376,1429,2147,221512,80356,80363,11
71435262222122,3190465,4376,1417,2143,200851,64192,64199,11
71435263211123,3190672,4376,1416,2135,235291,78463,78470,11
71435263311122,3190753,4376,1425,2134,219763,77389,77396,11
71435263333133,3190826,4376,1430,2153,223852,74659,74666,11
71435263333223,3190828,4376,1427,2156,225967,74002,74009,11
71435623333331,3191561,4377,1559,2132,220709,81467,81474,11
71436253333112,3192282,4378,1424,2397,242375,96497,96504,11
71452363213232,3193610,4380,1310,2005,173292,66441,66448,11
71452632222131,3194111,4381,1332,1985,231489,77679,77686,11
71453262222221,3194842,4382,1444,2010,185496,59781,59787,11
71453623311122,3195856,4383,1587,1972,252494,87791,87797,11
71456321322323,3196870,4385,1618,1958,175617,69939,69945,11
71456322111221,3196912,4385,1594,1945,183898,57286,57292,11
71462531113322,3198148,4387,1330,2219,220345,88351,88358,11
71462532111212,3198369,4387,1327,2214,190040,56744,56751,11
71462532121112,3198393,4387,1324,2223,196170,53763,53769,11
71462533111223,3198613,4387,1328,2217,235801,84490,84496,11
71462533221113,3198717,4387,1334,2223,193075,72601,72608,11
71463523331222,3200287,4389,1588,2235,197109,64233,64240,11
71523463131311,3202314,4392,1136,4434,250512,90663,90670,11
71523463231313,3202395,4392,1145,4436,259290,79095,79102,11
71523463331312,3202476,4392,1154,4435,247050,79785,79792,11
71532463221332,3206744,4398,1284,4450,190807,54622,54628,11
71534262122222,3207883,4400,1408,3631,242170,66553,66559,11
71542633132322,3211801,4405,1330,2797,186392,63986,63993,11
71543622111131,3212948,4407,1566,2783,157794,52464,52470,11
71543623111121,3213190,4407,1566,2782,175488,53316,53322,11
71546233331213,3214137,4408,1478,2761,240529,75361,75369,11
71546322231212,3214542,4409,1605,2761,249308,65525,65532,11
71562433123232,3216155,4411,1327,4397,179848,53968,53975,11
71563243221221,3216946,4412,1444,5187,201588,63069,63076,11
71625433213133,3223496,4421,1205,4662,322438,107974,107981,11
71643252231212,3229851,4430,1441,3164,245286,70503,70510,11
71643523331213,3230904,4431,1591,3026,252251,77477,77485,11
72134562312212,3237177,4440,1789,3898,228036,80418,80425,11
72136541322233,3240608,4445,1798,5668,169336,62338,62344,11
72143563222331,3241745,4446,1823,3093,171044,56753,56760,11
72143651121113,3241890,4447,1818,3219,172129,67843,67850,11
72143651131112,3241917,4447,1827,3216,183271,68581,68588,11
72143651213111,3241962,4447,1812,3231,166636,56020,56027,11
72143651312111,3242034,4447,1815,3222,163961,56267,56274,11
72143652111311,3242112,4447,1811,3213,166974,57240,57247,11
72143653111211,3242352,4447,1810,3213,166154,61994,62001,11
72145631233223,3243478,4449,1886,2938,163253,69899,69906,11
72145633232231,3243956,4449,1884,2930,163847,55337,55344,11
72145633312223,3243982,4449,1871,2929,265107,95643,95650,11
72146352232223,3244441,4450,1858,3202,195962,61664,61671,11
72163452122222,3250165,4458,1819,4819,243084,93498,93505,11
72163453121213,3250398,4458,1819,4812,204528,71415,71421,11
72163453131212,3250425,4458,1828,4809,231103,89614,89620,11
72163453133333,3250448,4458,1829,4832,197730,72354,72361,11
72163453331333,3250592,4458,1835,4830,243508,78454,78461,11
72164353131113,3251880,4460,1854,4002,237417,75315,75321,11
72165431113331,3253553,4463,1863,4697,169384,52384,52390,11
72165432111113,3253770,4463,1865,4671,176058,66582,66588,11
72165432111122,3253771,4463,1864,4680,234195,69501,69507,11
72165432211112,3253851,4463,1867,4671,192543,56847,56853,11
72165432323312,3253983,4463,1879,4679,170198,50474,50480,11
72165433111112,3254013,4463,1864,4671,165505,57313,57319,11
72165433121333,3254048,4463,1874,4695,182890,71326,71332,11
72165433221233,3254126,4463,1877,4692,174094,54028,54034,11
72165433233323,3254173,4463,1886,4688,188239,75817,75823,11
72165433321223,3254206,4463,1880,4683,161820,50544,50550,11
72165433331213,3254232,4463,1889,4674,178513,74311,74317,11
72345611111111,3260817,4473,5022,2916,230597,88109,88115,11
72345611133113,3260889,4473,5042,2934,158377,51577,51583,11
72345611221223,3260929,4473,5044,2920,143968,52822,52828,11
72345611222222,3260938,4473,5035,2929,156308,73484,73490,11
72345611331332,3261041,4473,5039,2924,168596,68966,68972,11
72345612122111,3261096,4473,5023,2925,180382,61504,61510,11
72345612331331,3261284,4473,5030,2924,142684,52540,52546,11
72345613221221,3261415,4473,5026,2920,152053,55129,55135,11
72345613333331,3261545,4473,5030,2942,192308,67982,67988,11
72356141112323,3265936,4480,4221,5369,184982,75314,75320,11
72356141232113,3266064,4480,4217,5367,170696,58580,58586,11
72356143211123,3266488,4480,4224,5364,163475,59471,59477,11
72361453232333,3268016,4482,3425,4831,164130,52236,52243,11
72361542333233,3268589,4483,3419,5642,293258,93671,93678,11
72365412222212,3271386,4487,5035,4675,179357,66647,66654,11
72365413121312,3271542,4487,5032,4677,255225,93453,93460,11
72365413131212,3271566,4487,5033,4674,186493,65971,65978,11
72365413331333,3271733,4487,5048,4695,190087,63844,63850,11
72435163333313,3278310,4496,4247,2159,269471,85844,85850,11
72513641232323,3290128,4513,2633,5263,170258,62204,62211,11
72513641233322,3290137,4513,2642,5254,198513,76905,76912,11
72516342313223,3292591,4516,2671,5230,184800,72282,72289,11
72531463321232,3294302,4518,3444,4450,203492,64823,64829,11
72534163211123,3295648,4520,4251,3620,212121,70776,70783,11
72541631111213,3298728,4525,3494,2781,174268,62761,62767,11
72541631111312,3298731,4525,3502,2781,193758,69777,69783,11
72541631112131,3298736,4525,3483,2792,181408,67945,67951,11
72541631113121,3298744,4525,3483,2800,188477,64154,64160,11
72541632131111,3299022,4525,3483,2787,166477,68485,68492,11
72541633121111,3299238,4525,3483,2784,206428,93466,93473,11
72543162311111,3299859,4526,4272,2808,158743,51079,51085,11
72543163211111,3300021,4526,4269,2808,176279,54161,54167,11
72543611221223,3300295,4527,5098,2785,232312,65962,65968,11
72543611223221,3300313,4527,5080,2803,243357,65373,65379,11
72543611331332,3300407,4527,5093,2789,274829,80237,80243,11
72543611332331,3300416,4527,5084,2798,246762,67938,67944,11
72543612331331,3300650,4527,5084,2789,233535,67197,67203,11
72543613132232,3300737,4527,5086,2798,297707,107801,107807,11
72543613133222,3300745,4527,5086,2806,240407,96677,96683,11
72543613221221,3300781,4527,5080,2785,251263,71113,71119,11
72543613223312,3300801,4527,5090,2802,277327,92272,92279,11
72543613322312,3300873,4527,5093,2793,286774,85246,85252,11
72546311323112,3301848,4529,5118,2775,164166,56679,56685,11
72546313323212,3302337,4529,5118,2776,183598,58255,58261,11
72561342313223,3302797,4530,3472,5204,246802,78646,78652,11
72561432213122,3303442,4531,3487,4385,291817,84244,84250,11
72561433221233,3303698,4531,3497,4395,258554,75305,75311,11
72561433311233,3303752,4531,3500,4392,332945,102665,102672,11
72561433321133,3303776,4531,3491,4395,277520,82388,82395,11
72561433321223,3303778,4531,3500,4386,273762,76278,76285,11
72563411111213,3304560,4533,5095,4374,171608,60851,60857,11
72563411111312,3304563,4533,5087,4374,168505,59902,59908,11
72563411112131,3304568,4533,5076,4393,231622,76783,76789,11
72563411113121,3304576,4533,5076,4385,184015,68290,68296,11
72563412131111,3304854,4533,5076,4380,166944,74370,74377,11
72563413121111,3305070,4533,5076,4377,164641,67105,67112,11
72643513212311,3318261,4551,5081,3033,172986,61584,61591,11
72643513212332,3318263,4551,5090,3039,160538,61757,61764,11
73125463133132,3326258,4562,1941,4717,192021,66696,66703,11
73146522113231,3332525,4571,2322,3076,156153,61791,61797,11
73246153312211,3349686,4594,4349,3196,166949,58517,58523,11
73456123231322,3371524,4624,4765,1964,190424,60440,60447,11
73516243323113,3380337,4636,3017,5232,165153,64683,64690,11
73516243332131,3380357,4636,3014,5217,176149,54616,54622,11
73541262321212,3385911,4644,3818,2812,220413,73128,73135,11
73542163321133,3387611,4646,4637,2813,221168,78101,78109,11
73542613132121,3388213,4647,5427,2797,161310,64395,64401,11
73542613132322,3388219,4647,5442,2797,164839,61549,61556,11
73564213321322,3394177,4655,5576,3585,213066,69408,69415,11
73614251112323,3395698,4658,3009,3993,219618,73248,73255,11
73615241112323,3397156,4660,3009,5478,291194,90104,90111,11
73615241113322,3397165,4660,3018,5469,237848,77048,77055,11
73615242223133,3397511,4660,3022,5473,231435,76779,76786,11
73615243123313,3397677,4660,3015,5479,218791,71290,71297,11
73615243213313,3397731,4660,3016,5478,226231,79819,79827,11
73615243331312,3397848,4660,2999,5471,220273,63577,63583,11
73615243332311,3397857,4660,3008,5462,228280,60514,60520,11
73615421113322,3397894,4661,3153,4659,171218,69542,69549,11
73615423213211,3398457,4661,3151,4647,227574,86160,86167,11
73615423333331,3398597,4661,3152,4670,180342,60195,60201,11
73624513121132,3401300,4665,5301,3841,291651,101697,101704,11
73624513332131,3401498,4665,5297,3842,261603,86148,86154,11
73625141112323,3401530,4666,4494,5478,214846,75598,75605,11
73625143121213,3402030,4666,4482,5476,182359,62113,62120,11
73625143333313,3402240,4666,4490,5480,190368,56103,56109,11
73625412222323,3402610,4667,5314,4660,187074,54804,54810,11
73642511111111,3405159,4671,5427,3024,247071,81486,81492,11
73642511113232,3405182,4671,5439,3048,212070,79368,79375,11
73642511113322,3405184,4671,5442,3045,211213,75547,75554,11
73642513223222,3405775,4671,5440,3046,230755,90535,90542,11
73645121113211,3405909,4672,4752,2910,208387,71587,71594,11
73645122222311,3406254,4672,4753,2905,199129,54286,54292,11
73645211223113,3406743,4673,5581,2908,151678,51472,51478,11
73645211231111,3406752,4673,5563,2891,194040,72180,72186,11
73645211321111,3406806,4673,5564,2890,151726,64006,64012,11
73645211332112,3406842,4673,5573,2900,157765,58003,58009,11
73645213112231,3407117,4673,5568,2901,163867,56503,56509,11
73645213333112,3407337,4673,5573,2909,173871,62523,62529,11
73651241113322,3407371,4674,3828,5334,183129,75195,75202,11
73652413211312,3410106,4677,5443,4509,195831,66891,66898,11
73652413331321,3410242,4677,5435,4520,220018,64033,64039,11
73654122111122,3410506,4678,4764,3699,244001,98105,98111,11
73654122221111,3410613,4678,4753,3700,169770,51228,51234,11
73654211111132,3410993,4679,5577,3699,200067,73095,73102,11
74123563323221,3412417,4680,1960,1479,156958,49369,49375,11
74123652322121,3412891,4681,1956,1612,243362,72026,72032,11
74123653132232,3413003,4681,1966,1598,311534,115097,115104,11
74123653133132,3413009,4681,1968,1598,253368,80028,80034,11
74123653133222,3413011,4681,1969,1597,250919,82154,82161,11
74123653133231,3413012,4681,1969,1595,231080,71843,71850,11
74125631313311,3414093,4683,2004,1320,166249,49639,49645,11
74125632121121,3414178,4683,2007,1297,173750,57914,57920,11
74125632122111,3414186,4683,2010,1296,160955,54971,54977,11
74125632131111,3414204,4683,2016,1296,166122,73164,73170,11
74125632321332,3414347,4683,2008,1322,161314,53848,53854,11
74125633121111,3414420,4683,2007,1296,203115,79827,79833,11
74125633131233,3414452,4683,2018,1301,158162,58424,58430,11
74125633132232,3414461,4683,2020,1301,143794,54742,54748,11
74125633133222,3414469,4683,2023,1300,152032,56872,56878,11
74125633133312,3414471,4683,2023,1302,202463,76823,76829,11
74125633332323,3414625,4683,2021,1321,190208,64502,64508,11
74126352333122,3415114,4684,1996,1587,224421,80394,80400,11
74132561321231,3416288,4686,2091,1482,211098,79026,79033,11
74132562121121,3416365,4686,2088,1461,196084,60448,60455,11
74132562122111,3416373,4686,2089,1458,183568,55726,55733,11
74132563131221,3416638,4686,2100,1461,226024,85114,85121,11
74132563132112,3416643,4686,2098,1459,184384,72577,72583,11
74136522322121,3420181,4691,2359,1452,227628,66786,66792,11
74152363132232,3421022,4692,2129,1192,223848,70029,70036,11
74152363133132,3421028,4692,2126,1195,225366,74742,74748,11
74152363133222,3421030,4692,2128,1195,254628,83544,83550,11
74152363133231,3421031,4692,2129,1194,224905,72478,72485,11
74156322122123,3424393,4697,2419,1137,171453,54876,54882,11
74156322122321,3424399,4697,2413,1139,175686,52185,52191,11
74156322313223,3424540,4697,2410,1159,175982,66269,66275,11
74156323132331,3424670,4697,2423,1139,166050,68820,68827,11
74156323133123,3424672,4697,2428,1140,171386,77630,77637,11
74163251121122,3426328,4700,2253,1542,190774,58090,58096,11
74163252112211,3426555,4700,2242,1540,176797,53107,53113,11
74163252131111,3426597,4700,2259,1539,190512,91062,91068,11
74163253121111,3426813,4700,2250,1539,189077,76685,76691,11
74163253131332,3426848,4700,2267,1542,158893,71203,71209,11
74163253133132,3426860,4700,2265,1544,156378,53250,53256,11
74163253133213,3426861,4700,2260,1547,169477,72121,72127,11
74163253133231,3426863,4700,2266,1541,161344,55156,55162,11
74163253332323,3427018,4700,2264,1564,173314,57220,57226,11
74165231121212,3427788,4702,2278,1272,298151,88001,88007,11
74165231131313,3427818,4702,2288,1275,280356,135912,135920,11
74165231212121,3427849,4702,2271,1279,283904,81689,81696,11
74165231313131,3427940,4702,2274,1289,292877,64109,64115,11
74165232111212,3428004,4702,2269,1272,296182,70792,70798,11
74165232121112,3428028,4702,2278,1269,281768,90647,90654,11
74165232121211,3428031,4702,2277,1272,285301,68539,68545,11
74165233111313,3428250,4702,2270,1275,308262,96291,96298,11
74165233131113,3428298,4702,2288,1269,282789,114981,114989,11
74165233131311,3428304,4702,2286,1275,300066,96771,96778,11
74165233131323,3428305,4702,2291,1275,284241,90912,90919,11
74165233132313,3428313,4702,2288,1276,305928,115227,115234,11
74165233231313,3428385,4702,2288,1284,306249,114516,114523,11
74213652323132,3430397,4705,2775,1616,164182,56680,56686,11
74251633111313,3439185,4717,3638,1161,224341,79744,79751,11
74256311321222,3441802,4721,5251,1153,312126,128118,128125,11
74256313111232,3442100,4721,5249,1135,362931,128139,128146,11
74265312333233,3446465,4727,5264,1292,188744,70826,70832,11
74312652333332,3447926,4729,2915,1616,188298,67335,67342,11
74321563311131,3451736,4734,3699,1482,202073,88907,88914,11
74321653233323,3452461,4735,3725,1609,205831,68170,68176,11
74325163131323,3453091,4736,4520,1331,219100,66649,66656,11
74325612221222,3453628,4737,5329,1309,178759,65803,65810,11
74325613121312,3453792,4737,5329,1302,227878,82402,82409,11
74325613131212,3453816,4737,5330,1299,178993,64957,64964,11
74325613133333,3453839,4737,5345,1304,192030,66285,66291,11
74361253112132,3460331,4746,3840,1543,216147,107313,107320,11
74361253211231,3460406,4746,3849,1548,157853,58913,58920,11
74365211121221,3463510,4751,5593,1272,172650,55881,55886,11
74365211213111,3463578,4751,5589,1280,162826,65770,65776,11
74365211312111,3463650,4751,5589,1288,160684,65740,65746,11
74365211313113,3463659,4751,5607,1289,177835,58267,58273,11
74365211333111,3463713,4751,5591,1289,177124,56512,56518,11
74365212111311,3463728,4751,5589,1275,163976,87308,87314,11
74365212222323,3463846,4751,5611,1285,168766,47347,47352,11
74365212333332,3463964,4751,5606,1295,160443,50133,50139,11
74365213111211,3463968,4751,5589,1272,171764,77894,77900,11
74365213121333,3464000,4751,5614,1275,167463,60291,60297,11
74512361322233,3464411,4752,2930,1076,218351,75587,75593,11
74512362313223,3464635,4752,2938,1073,163201,53731,53737,11
74513263121222,3466183,4754,3055,1057,331975,97516,97523,11
74521632222212,3469674,4759,3766,1038,218868,75966,75973,11
74521633121213,3469827,4759,3764,1029,245755,92518,92524,11
74521633121312,3469830,4759,3772,1029,226091,79118,79124,11
74521633133333,3469877,4759,3779,1034,249874,82747,82753,11
74521633333313,3470037,4759,3779,1050,223391,80117,80124,11
74523611121113,3470796,4761,5364,1029,171869,65117,65124,11
74523611131112,3470823,4761,5355,1032,177977,69383,69390,11
74523611213111,3470868,4761,5352,1035,175579,56689,56696,11
74523611312111,3470940,4761,5349,1044,166798,60634,60641,11
74523612111311,3471018,4761,5348,1026,173493,61563,61570,11
74523613111211,3471258,4761,5347,1026,166281,57387,57394,11
74532163123223,3474949,4766,4685,1058,198527,70676,70682,11
74561231111222,3477334,4770,3901,972,175156,63148,63154,11
74561232111113,3477573,4770,3890,972,177791,73883,73889,11
74561232221111,3477681,4770,3888,984,197097,59187,59193,11
74561233111112,3477816,4770,3889,972,192158,67544,67550,11
74561233131233,3477875,4770,3905,978,172676,59018,59024,11
74561233233323,3477976,4770,3911,989,203346,77058,77064,11
74561233311233,3477983,4770,3905,990,173020,55798,55804,11
74561233321133,3478007,4770,3896,993,170569,55249,55255,11
74561233321313,3478011,4770,3908,993,207923,72017,72023,11
74563211232332,3481127,4775,5660,988,170565,69627,69634,11
74653213133222,3499033,4799,5656,1115,200142,78123,78130,11
75132463233233,3504218,4806,2102,4316,199275,63585,63592,11
75143263231313,3510033,4814,2261,2678,241708,77719,77726,11
75146321323331,3511808,4817,2414,2645,219794,78302,78309,11
75213642223133,3517796,4825,2775,5126,190499,68834,68840,11
75231463211123,3521638,4830,3564,4307,276554,91424,91432,11
75234161322233,3522731,4832,4396,3500,170928,62310,62316,11
75234162221111,3522879,4832,4377,3486,226011,75735,75741,11
75236143213232,3524576,4834,4394,5089,159176,67139,67146,11
75241632222323,3526540,4837,3641,2659,195663,62373,62380,11
75243162211322,3527233,4838,4412,2677,333125,110369,110376,11
75243611113232,3527654,4839,5221,2666,176371,59206,59212,11
75243613213232,3528221,4839,5221,2669,153624,64815,64822,11
75246131333312,3528600,4840,4435,2645,215803,78085,78092,11
75246311111111,3529089,4841,5238,2619,409865,139091,139098,11
75246313212311,3529671,4841,5238,2633,182107,64555,64562,11
75246313312211,3529749,4841,5238,2635,176780,70124,70131,11
75246313332332,3529808,4841,5255,2636,176834,64703,64709,11
75261432123233,3530840,4843,3632,4259,201773,68117,68124,11
75264132121232,3533009,4846,4450,3438,209729,60050,60056,11
75264132223331,3533111,4846,4449,3452,164057,57848,57854,11
75264132321212,3533169,4846,4432,3444,220499,64466,64472,11
75264133121333,3533255,4846,4451,3447,177310,71758,71765,11
75264133331213,3533439,4846,4436,3444,179738,69164,69171,11
75264311223122,3533590,4847,5251,3434,191215,84319,84326,11
75264313231112,3534084,4847,5253,3432,219684,73848,73855,11
75312463333133,3534914,4848,2909,4319,225890,75320,75327,11
75314621133221,3536455,4851,3179,3466,143408,56516,56522,11
75314621313212,3536562,4851,3180,3471,312680,152384,152390,11
75314623113122,3536884,4851,3180,3457,161237,64571,64577,11
75316241231231,3537248,4852,3032,5080,225298,71734,71740,11
75321461311112,3538728,4854,3699,4300,175482,79422,79428,11
75321463132121,3539116,4854,3704,4302,158751,53631,53637,11
75346122133133,3546173,4864,4805,2637,201317,66899,66906,11
75346211133122,3546658,4865,5603,2637,168138,66198,66204,11
75346211211311,3546672,4865,5589,2624,213534,84336,84342,11
75346211311211,3546750,4865,5589,2626,158625,69489,69495,11
75346212323333,3547043,4865,5614,2645,202698,69936,69942,11
75346213112132,3547082,4865,5604,2628,151795,65005,65011,11
75346213132121,3547135,4865,5594,2628,158545,54487,54493,11
75346213132322,3547141,4865,5603,2630,160119,53301,53307,11
75346213332122,3547297,4865,5603,2634,169811,59225,59231,11
75412631223332,3552551,4873,2968,1850,146541,60147,60153,11
75416323232213,3555966,4877,3228,1831,196295,71627,71634,11
75431263133213,3560997,4884,3872,1883,224159,86132,86138,11
75462132123212,3566559,4892,4702,1793,295743,79677,79683,11
75613243131332,3571190,4898,3059,5033,226674,74631,74637,11
75613243133213,3571203,4898,3070,5042,184335,69255,69262,11
75634123323122,3581542,4912,4820,3409,176375,61232,61239,11
75641323232111,3583665,4915,4023,2606,167153,60179,60185,11
75642132213311,3584112,4916,4704,2613,161775,55449,55455,11
76123453233323,3587326,4920,1970,4768,172927,56710,56716,11
76125343333133,3590318,4924,1997,5447,228831,68136,68143,11
76143252131312,3597189,4934,2261,3135,190404,74916,74923,11
76143252221222,3597241,4934,2254,3136,193633,63958,63964,11
76143253131212,3597429,4934,2260,3135,196051,77593,77600,11
76143253331333,3597596,4934,2267,3140,181528,61924,61931,11
76143253333313,3597612,4934,2261,3158,254661,87795,87802,11
76145231121113,3598371,4936,2279,2862,161472,62112,62118,11
76145231122112,3598380,4936,2278,2871,279698,97178,97184,11
76145231131112,3598398,4936,2287,2862,174558,64614,64620,11
76145231221112,3598452,4936,2278,2863,279188,100100,100106,11
76145231311331,3598514,4936,2274,2870,157231,48709,48715,11
76145232123332,3598640,4936,2284,2886,168762,57156,57162,11
76145232233213,3598743,4936,2288,2884,208669,79447,79453,11
76145232331313,3598809,4936,2288,2870,162303,69405,69411,11
76145232332213,3598815,4936,2288,2876,215830,94402,94408,11
76145233133213,3598905,4936,2288,2883,172431,84129,84135,11
76145233232333,3598982,4936,2294,2878,163868,57944,57950,11
76154323333112,3604167,4943,2424,3680,199833,77112,77118,11
76213543213133,3605492,4945,2772,5587,206443,76867,76874,11
76213543311332,3605561,4945,2756,5579,193641,63066,63072,11
76215341231231,3607232,4948,2789,5431,185799,52707,52713,11
76215433333133,3608543,4949,2834,4637,220290,75039,75046,11
76231451123111,3608595,4950,3569,4752,176586,66216,66222,11
76245311121131,3616598,4961,5243,2862,171424,55384,55390,11
76245311131121,3616624,4961,5245,2862,154314,51954,51960,11
76245311213312,3616674,4961,5247,2887,163218,77574,77580,11
76245312132131,3616877,4961,5246,2871,166581,54297,54303,11
76245313122122,3617092,4961,5251,2871,162212,63944,63950,11
76245313123121,3617101,4961,5242,2880,163255,53635,53641,11
76253141123132,3618803,4964,4422,5307,151218,68736,68742,11
76253141211332,3618845,4964,4421,5302,148278,66312,66318,11
76253413322312,3620175,4965,5225,4487,203342,63311,63318,11
76254133311323,3620869,4966,4439,3692,326193,103089,103095,11
76254313211111,3621510,4967,5238,3673,290077,114331,114338,11
76312452212111,3622005,4968,2898,4753,301677,92343,92349,11
76312453211111,3622239,4968,2889,4753,176502,62418,62424,11
76312453311311,3622326,4968,2895,4754,194081,63575,63581,11
76312542321212,3622836,4969,2893,5573,189521,51404,51410,11
76312542322121,3622843,4969,2899,5567,177508,54556,54562,11
76312543322222,3623089,4969,2902,5576,235294,79309,79315,11
76315241112113,3624597,4972,3033,5445,185742,67182,67188,11
76315241113112,3624606,4972,3042,5436,159085,58375,58381,11
76315241223113,3624714,4972,3043,5446,154966,58444,58450,11
76315241322122,3624787,4972,3037,5438,164107,56017,56023,11
76315241323313,3624801,4972,3043,5453,172953,74133,74139,11
76315241332112,3624813,4972,3035,5438,158308,52966,52972,11
76315243211231,3625160,4972,3030,5431,150511,49963,49969,11
76315243323323,3625288,4972,3046,5453,181092,61008,61014,11
76321452122123,3626326,4974,3703,4767,257793,67194,67200,11
76321452122321,3626332,4974,3721,4761,262881,68334,68340,11
76321452122333,3626333,4974,3721,4776,257829,69696,69702,11
76321452123323,3626341,4974,3724,4767,299048,85103,85109,11
76321452212231,3626384,4974,3711,4771,249575,70070,70076,11
76321452213122,3626389,4974,3705,4765,262290,78534,78541,11
76321453233131,3626687,4974,3707,4771,274075,67252,67258,11
76321453311233,3626699,4974,3708,4778,313223,100463,100470,11
76321453313312,3626718,4974,3723,4757,294265,84673,84680,11
76321453321133,3626723,4974,3700,4778,261347,79811,79818,11
76321453323311,3626745,4974,3724,4754,300043,86290,86296,11
76321542211112,3627099,4975,3699,5572,250029,90111,90117,11
76321543211111,3627342,4975,3699,5563,168012,79362,79368,11
76321543311131,3627425,4975,3699,5570,185605,68269,68275,11
76324151112233,3627518,4976,4530,3957,172362,57762,57769,11
76324151112323,3627520,4976,4521,3966,208551,76509,76516,11
76324153323122,3628198,4976,4525,3947,170320,53380,53386,11
76325411111213,3629694,4979,5337,4620,178421,72635,72641,11
76325411111312,3629697,4979,5328,4623,220181,94913,94919,11
76325411112131,3629702,4979,5322,4635,163018,59098,59104,11
76325411113121,3629710,4979,5325,4626,178806,62640,62646,11
76325411122121,3629728,4979,5323,4626,176559,52269,52275,11
76325411331311,3629913,4979,5321,4625,190173,59577,59583,11
76325412112121,3629944,4979,5322,4626,221709,75177,75183,11
76325412231212,3630072,4979,5330,4621,190628,71546,71552,11
76325412333233,3630173,4979,5345,4640,189493,58669,58675,11
76325413222223,3630298,4979,5341,4630,175372,53434,53440,11
76341251111213,3630423,4980,3843,3138,174106,72064,72070,11
76341251111312,3630426,4980,3852,3135,217060,84394,84400,11
76341251112131,3630431,4980,3840,3141,191729,73499,73505,11
76341251113121,3630439,4980,3837,3150,175721,62897,62903,11
76341251221121,3630529,4980,3838,3133,184107,56313,56319,11
76341251311313,3630588,4980,3852,3140,176488,58804,58810,11
76341252232313,3630813,4980,3854,3148,172321,57061,57067,11
76341252323333,3630878,4980,3859,3158,188984,52802,52808,11
76341253221212,3631017,4980,3844,3136,194402,73196,73202,11
76341253233131,3631061,4980,3842,3151,156460,49672,49678,11
76342511111231,3632612,4983,5457,3003,147301,63481,63487,11
76342511111321,3632614,4983,5460,3000,189578,76034,76040,11
76342511323112,3632814,4983,5464,3017,155710,55102,55108,11
76342512232223,3632998,4983,5477,3010,186805,58207,58213,11
76342513213112,3633192,4983,5463,3016,226714,85108,85114,11
76342513322111,3633291,4983,5455,3008,236043,72471,72477,11
76342513323122,3633301,4983,5464,3020,164798,63674,63680,11
76342513323212,3633303,4983,5467,3017,177689,59429,59435,11
76345122211112,3633660,4984,4782,2863,242737,73459,73465,11
76345122211121,3633661,4984,4788,2863,194559,62661,62667,11
76345122213311,3633684,4984,4779,2887,162418,61378,61384,11
76345122311111,3633741,4984,4779,2864,196243,73711,73717,11
76345123211111,3633903,4984,4779,2863,165592,57562,57568,11
76345123311113,3633984,4984,4785,2864,191342,68654,68660,11
76345123311131,3633986,4984,4797,2864,182700,62928,62934,11
76345123312211,3633996,4984,4779,2876,155679,55935,55941,11
76351421112323,3635539,4987,3993,4494,224883,70275,70282,11
76351421113322,3635548,4987,3990,4497,167159,56021,56028,11
76351423321232,3636203,4987,3982,4502,176682,52878,52885,11
76354121121212,3637740,4990,4783,3681,206759,54902,54908,11
76354121122121,3637747,4990,4789,3675,173511,44766,44772,11
76354121311313,3637878,4990,4785,3692,176897,53348,53354,11
76354121313131,3637892,4990,4797,3680,195000,52503,52509,11
76354122111212,3637956,4990,4782,3681,226706,66221,66227,11
76354122112121,3637963,4990,4788,3675,188562,58197,58203,11
76354122212222,3638047,4990,4791,3685,179924,66449,66455,11
76354123211123,3638278,4990,4794,3673,192788,71459,71465,11
76354123211132,3638279,4990,4800,3673,167440,64819,64825,11
76354123313333,3638384,4990,4803,3698,196691,74309,74316,11
76354212213323,3638788,4991,5610,3697,178959,55467,55473,11
76354212312233,3638858,4991,5613,3686,184034,78236,78242,11
76354212313322,3638869,4991,5601,3698,195983,70193,70199,11
76354212333332,3638924,4991,5606,3698,180157,56533,56539,11
76354213222223,3639046,4991,5611,3685,176716,51649,51654,11
76354213312223,3639100,4991,5610,3686,165803,58871,58877,11
76421351131121,3643597,4998,3727,2340,143138,49640,49646,11
76512343213313,3657255,5016,2940,5176,286599,103179,103187,11
76512343332311,3657381,5016,2931,5165,285909,94326,94333,11
76514321112323,3660325,5021,3229,3555,191882,71912,71918,11
76514321232113,3660453,5021,3228,3544,176813,64223,64229,11
76521433232333,3662405,5023,3776,4372,171039,52542,52548,11
76523413223231,3663842,5025,5353,4369,179826,64242,64249,11
76524313331222,3665389,5027,5383,3554,222265,79741,79748,11
76541232131213,3670086,5034,3899,2733,293859,112359,112366,11
76541232221222,3670141,5034,3901,2731,180706,57445,57451,11
76541233121213,3670302,5034,3899,2730,186339,74739,74746,11
76541233331333,3670496,5034,3914,2735,200644,66295,66301,11
76541233333313,3670512,5034,3908,2753,226810,81700,81707,11
76543211111111,3673431,5039,5643,2727,385821,130965,130971,11
76543211212112,3673521,5039,5652,2737,197967,73785,73791,11
76543211223221,3673561,5039,5647,2749,160558,56860,56866,11
76543211332331,3673664,5039,5651,2744,160333,58321,58327,11
76543211333333,3673673,5039,5669,2753,177363,74709,74715,11
76543212132323,3673744,5039,5666,2742,176869,53899,53905,11
76543212222221,3673795,5039,5647,2740,169717,59527,59533,11
76543212323213,3673884,5039,5662,2750,174460,55654,55660,11
76543213113131,3673937,5039,5649,2745,175573,59401,59407,11
